approach,date,hour,current_price,predicted_close,actual_close,error,error_pct,range_lower,range_upper,range_width,range_width_pct,in_range,confidence
STATIC,2026-01-20,9.5,25198.83383990118,25240.041684948766,24987.56642309378,-252.47526185498646,1.0104035646370353,24571.35103107311,25599.913900755,1028.5628696818894,4.081787578809334,True,ConfidenceLevel.LOW
STATIC,2026-01-20,10.0,25157.33674899628,25219.788920107672,24987.56642309378,-232.22249701389228,0.9293521949351168,24642.724863703297,25518.158737610225,875.433873906928,3.4798352569727236,True,ConfidenceLevel.LOW
STATIC,2026-01-20,10.5,25241.05462323962,25277.476041457583,24987.56642309378,-289.909618363803,1.1602154986003974,24759.404115981273,25615.337138672643,855.9330226913698,3.3910351031977335,True,ConfidenceLevel.LOW
STATIC,2026-01-20,11.0,25233.48282229235,25288.293846737823,24987.56642309378,-300.7274236440426,1.2035082510720492,24681.244429154067,25589.804269912496,908.5598407584293,3.6006121198448606,True,ConfidenceLevel.LOW
STATIC,2026-01-20,11.5,25255.07243380739,25310.35042613257,24987.56642309378,-322.7840030387888,1.2917784692328755,24696.176782584145,25584.96208827654,888.7853056923959,3.5192348310299617,True,ConfidenceLevel.LOW
STATIC,2026-01-20,12.0,25241.46345915812,25297.284867130355,24987.56642309378,-309.7184440365745,1.2394902280292865,24649.828598370255,25545.70099260291,895.8723942326542,3.5492094017536586,True,ConfidenceLevel.LOW
STATIC,2026-01-20,12.5,25163.39897333281,25231.281580984567,24987.56642309378,-243.71515789078694,0.9753457130004575,24591.85803737949,25463.680705126408,871.8226677469174,3.4646458877468866,True,ConfidenceLevel.LOW
STATIC,2026-01-20,13.0,25142.08160460363,25204.74651740908,24987.56642309378,-217.18009431529936,0.8691526443110489,24540.729097224026,25417.866738338496,877.1376411144702,3.488723228683906,True,ConfidenceLevel.LOW
STATIC,2026-01-20,13.5,25085.33232487488,25154.014773330324,24987.56642309378,-166.44835023654377,0.6661246934503811,24569.087955038674,25340.6802102935,771.5922552548254,3.075870174897809,True,ConfidenceLevel.LOW
STATIC,2026-01-20,14.0,25061.091994089,25131.579845738706,24987.56642309378,-144.01342264492632,0.5763403294521212,24655.82476395803,25280.926739663566,625.1019757055365,2.4943126015936388,True,ConfidenceLevel.LOW
STATIC,2026-01-20,14.5,24995.10740217252,25070.07784023905,24987.56642309378,-82.51141714526966,0.3302098961866559,24604.723851739927,25274.760860938357,670.0370091984296,2.6806726549220246,True,ConfidenceLevel.LOW
STATIC,2026-01-20,15.0,25013.55470410494,25086.25510247818,24987.56642309378,-98.68867938439871,0.3949511437543976,24668.66177398781,25262.9221584076,594.2603844197911,2.3757534322871265,True,ConfidenceLevel.LOW
STATIC,2026-01-20,15.5,24986.5849805428,25061.751767370777,24987.56642309378,-74.18534427699706,0.29688903281287193,24651.363505825004,25191.78439847394,540.4208926489373,2.162844154452344,True,ConfidenceLevel.LOW
STATIC,2026-01-21,9.5,25027.46585333648,25100.37877459199,25326.58105455855,226.2022799665574,0.8931417923298537,24395.27547687617,25452.44159745024,1057.166120574071,4.224023825541,True,ConfidenceLevel.LOW
STATIC,2026-01-21,10.0,25178.56337381441,25230.30358217127,25326.58105455855,96.27747238727898,0.3801439767171018,24608.223800550437,25485.35937766093,877.1355771104936,3.483660144099844,True,ConfidenceLevel.LOW
STATIC,2026-01-21,10.5,25271.31332107481,25304.218766921575,25326.58105455855,22.362287636973633,0.08829572214583868,24726.626478142258,25594.650543649786,868.0240655075286,3.4348197676914833,True,ConfidenceLevel.LOW
STATIC,2026-01-21,11.0,25318.57811202307,25359.612568958764,25326.58105455855,-33.03151440021611,0.13042231925840914,24773.44509011226,25564.7876567058,791.3425665935429,3.125541106977713,True,ConfidenceLevel.LOW
STATIC,2026-01-21,11.5,25273.22169378655,25323.395563451355,25326.58105455855,3.1854911071932293,0.012577659417712328,24695.40379237271,25531.43253444558,836.028742072871,3.3079626816173167,True,ConfidenceLevel.LOW
STATIC,2026-01-21,12.0,25084.89697948984,25154.420905302806,25326.58105455855,172.160149255742,0.6797607181359159,24499.27393889986,25429.990533104996,930.7165942051361,3.7102667591822986,True,ConfidenceLevel.LOW
STATIC,2026-01-21,12.5,25053.80934274793,25120.543822076146,25326.58105455855,206.03723248240203,0.8135216989555614,24475.99362495404,25370.67150137638,894.6778764223382,3.571025324663099,True,ConfidenceLevel.LOW
STATIC,2026-01-21,13.0,25022.34739053659,25086.49681166191,25326.58105455855,240.0842428966389,0.9479536238209537,24492.754309058946,25335.565102442844,842.8107933838983,3.3682323254078392,True,ConfidenceLevel.LOW
STATIC,2026-01-21,13.5,25105.02492667668,25161.954130094433,25326.58105455855,164.6269244641153,0.6500163765076533,24536.334976391816,25369.803702314628,833.4687259228122,3.3199278963358667,True,ConfidenceLevel.LOW
STATIC,2026-01-21,14.0,25120.22291174199,25177.186578745648,25326.58105455855,149.39447581290005,0.5898722590746628,24665.446199006918,25341.915653850167,676.469454843249,2.692927754741562,True,ConfidenceLevel.LOW
STATIC,2026-01-21,14.5,25323.7687349745,25345.54246132411,25326.58105455855,-18.96140676556024,0.07486761329811378,24929.88218465941,25430.07095506296,500.18877040355073,1.9751750840811586,True,ConfidenceLevel.MEDIUM
STATIC,2026-01-21,15.0,25460.58663150279,25445.555721052686,25326.58105455855,-118.97466649413764,0.4697620505422437,25164.900902721805,25623.101729761565,458.20082703976004,1.799647563787163,True,ConfidenceLevel.MEDIUM
STATIC,2026-01-21,15.5,25354.70144544285,25379.18451110786,25326.58105455855,-52.60345654931007,0.20770058317777532,25024.690192545797,25501.598731026414,476.9085384806167,1.8809471667682927,True,ConfidenceLevel.MEDIUM
STATIC,2026-01-22,9.5,25527.37047871472,25584.00426731436,25518.35133584543,-65.65293146893237,0.2572773240907229,24946.031089710425,25955.517456912417,1009.4863672019928,3.9545254692163634,True,ConfidenceLevel.LOW
STATIC,2026-01-22,10.0,25416.95743535024,25477.66717765616,25518.35133584543,40.68415818926951,0.1594309822520579,24985.96285968097,25857.433101027073,871.4702413461018,3.4286961512318923,True,ConfidenceLevel.LOW
STATIC,2026-01-22,10.5,25482.10186573663,25529.359190565534,25518.35133584543,-11.00785472010466,0.04313701373270934,24988.743495241608,25852.445179704708,863.7016844630998,3.3894444383508167,True,ConfidenceLevel.LOW
STATIC,2026-01-22,11.0,25485.43150164825,25531.612046177415,25518.35133584543,-13.260710331986047,0.05196538819245282,24952.839093900217,25847.557228623125,894.7181347229089,3.5107042808556868,True,ConfidenceLevel.LOW
STATIC,2026-01-22,11.5,25527.60092403334,25570.723188239754,25518.35133584543,-52.37185239432438,0.20523211591948748,24915.27885107789,25879.22216244993,963.9433113720406,3.776082657514917,True,ConfidenceLevel.LOW
STATIC,2026-01-22,12.0,25535.24476645144,25572.744492252965,25518.35133584543,-54.39315640753557,0.2131530979085233,24921.25841289909,25856.445899983937,935.1874870848478,3.662340015293333,True,ConfidenceLevel.LOW
STATIC,2026-01-22,12.5,25559.45135192915,25586.480790155474,25518.35133584543,-68.12945431004482,0.2669821941605761,24967.480664449504,25862.6329653407,895.1523008911972,3.5022359774699696,True,ConfidenceLevel.LOW
STATIC,2026-01-22,13.0,25570.23809087842,25587.960220579113,25518.35133584543,-69.60888473368323,0.27277970985493943,24966.039025296184,25856.606464676417,890.5674393802328,3.4828281074861076,True,ConfidenceLevel.LOW
STATIC,2026-01-22,13.5,25561.85843977718,25581.946438580504,25518.35133584543,-63.59510273507476,0.24921321090890075,24970.3299939945,25797.11479349201,826.7847994975127,3.234447141022191,True,ConfidenceLevel.LOW
STATIC,2026-01-22,14.0,25550.90164828365,25571.306183483775,25518.35133584543,-52.95484763834611,0.20751672763420592,25053.817150719427,25770.357505106327,716.5403543868997,2.804364261779515,True,ConfidenceLevel.LOW
STATIC,2026-01-22,14.5,25554.87548382554,25574.4091998033,25518.35133584543,-56.05786395787072,0.21967666805780936,25090.18968745654,25760.997488037683,670.807800581144,2.624969943624725,True,ConfidenceLevel.LOW
STATIC,2026-01-22,15.0,25505.25610100975,25532.176736090983,25518.35133584543,-13.825400245554192,0.05417826592164581,25063.271197832382,25746.538858724365,683.2676608919828,2.678928837985408,True,ConfidenceLevel.LOW
STATIC,2026-01-22,15.5,25461.08758662618,25506.18011955397,25518.35133584543,12.171216291459132,0.04769593509891965,25067.703630444794,25674.449296673298,606.745666228504,2.3830312203442805,True,ConfidenceLevel.LOW
STATIC,2026-01-23,9.5,25460.45934303576,25531.97951561924,25605.4662985037,73.48678288445808,0.2869964640665513,24835.92483809528,25882.58010666414,1046.6552685688584,4.110904891647809,True,ConfidenceLevel.LOW
STATIC,2026-01-23,10.0,25575.87712990294,25607.3165738045,25605.4662985037,-1.8502753007996944,0.007226094925316078,25014.492345736762,25914.712831928093,900.2204861913306,3.519802983174352,True,ConfidenceLevel.LOW
STATIC,2026-01-23,10.5,25637.77080044671,25662.917808903625,25605.4662985037,-57.45151039992561,0.22437205294434684,25123.163683536164,25947.83330120582,824.6696176696569,3.216619822715975,True,ConfidenceLevel.LOW
STATIC,2026-01-23,11.0,25704.45685440392,25731.119217671094,25605.4662985037,-125.65291916739443,0.4907269319080402,25163.508359717034,26002.63389775283,839.1255380357943,3.264513787584769,True,ConfidenceLevel.LOW
STATIC,2026-01-23,11.5,25634.91683648895,25685.0274420677,25605.4662985037,-79.56114356400212,0.3107193699833204,25010.01604176664,25920.175067324122,910.1590255574811,3.5504660747014922,True,ConfidenceLevel.LOW
STATIC,2026-01-23,12.0,25656.66343119217,25703.90075879889,25605.4662985037,-98.43446029518964,0.3844275247623271,24997.838260317414,25916.44911176848,918.610851451067,3.5803987292215984,True,ConfidenceLevel.LOW
STATIC,2026-01-23,12.5,25641.8641582773,25694.58901542196,25605.4662985037,-89.12271691826027,0.3480612923790742,24984.22997351706,25855.43548524634,871.2055117292803,3.3975903871561983,True,ConfidenceLevel.LOW
STATIC,2026-01-23,13.0,25586.87130977394,25631.08622552149,25605.4662985037,-25.61992701778945,0.10005647512572968,24914.213818934546,25860.321508347664,946.1076894131184,3.6976294520687034,True,ConfidenceLevel.LOW
STATIC,2026-01-23,13.5,25601.24610543142,25639.431075771867,25605.4662985037,-33.96477726816738,0.13264658753803743,24954.2511032975,25834.981317236907,880.7302139394051,3.440184943781132,True,ConfidenceLevel.LOW
STATIC,2026-01-23,14.0,25613.92300922939,25647.533712464952,25605.4662985037,-42.067413961252896,0.16429075522718045,25097.968120494017,25820.815214152557,722.84709365854,2.822086618274282,True,ConfidenceLevel.LOW
STATIC,2026-01-23,14.5,25611.44257500979,25645.511017207817,25605.4662985037,-40.04471870411726,0.15639128863065205,25129.311011123882,25813.16322535304,683.8522142291586,2.6701042404242514,True,ConfidenceLevel.LOW
STATIC,2026-01-23,15.0,25599.39262347568,25632.44910385094,25605.4662985037,-26.982805347241083,0.10537908207833681,25172.50556437655,25799.42322531428,626.9176609377282,2.448955216081257,True,ConfidenceLevel.LOW
STATIC,2026-01-23,15.5,25576.86109415604,25619.868781823425,25605.4662985037,-14.402483319725434,0.05624769005111643,25185.153300889582,25753.245437227582,568.0921363380003,2.221117494624082,True,ConfidenceLevel.LOW
STATIC,2026-01-26,9.5,25639.97704329374,25684.764741731487,25713.20987189766,28.44513016617202,0.11062457899221723,25056.481383265036,25974.219139535824,917.7377562707879,3.579323627010917,True,ConfidenceLevel.LOW
STATIC,2026-01-26,10.0,25707.28236151267,25752.57965467331,25713.20987189766,-39.3697827756514,0.15311111670534455,25178.53520099979,26032.831844886605,854.2966438868134,3.323169800187875,True,ConfidenceLevel.LOW
STATIC,2026-01-26,10.5,25728.43673852699,25776.366374318888,25713.20987189766,-63.15650242122865,0.24561889680779725,25201.146771196625,26054.99226658147,853.845495384845,3.3186839296235044,True,ConfidenceLevel.LOW
STATIC,2026-01-26,11.0,25750.73356580614,25794.4912326821,25713.20987189766,-81.28136078444004,0.3161074062296424,25208.207422852054,26051.480791870854,843.2733690187997,3.2747547438359765,True,ConfidenceLevel.LOW
STATIC,2026-01-26,11.5,25770.72286634825,25815.0800429882,25713.20987189766,-101.87017109054068,0.3961783518979327,25194.4542932727,26065.60690826025,871.1526149875499,3.380396504613041,True,ConfidenceLevel.LOW
STATIC,2026-01-26,12.0,25794.63937645016,25830.036785576573,25713.20987189766,-116.82691367891312,0.4543458955958468,25216.124989985055,26070.21337609889,854.0883861138354,3.3111080703597513,True,ConfidenceLevel.LOW
STATIC,2026-01-26,12.5,25775.13333306244,25822.64982063894,25713.20987189766,-109.43994874128111,0.42561760778412044,25166.068591592728,26005.39184325713,839.323251664402,3.2563294273546206,True,ConfidenceLevel.LOW
STATIC,2026-01-26,13.0,25758.83776897184,25809.672272128206,25713.20987189766,-96.46240023054634,0.3751472519810586,25104.282865529578,25941.80017889155,837.5173133619719,3.2513785011325895,True,ConfidenceLevel.LOW
STATIC,2026-01-26,13.5,25789.60069393052,25815.914581594756,25713.20987189766,-102.7047096970964,0.3994239156012329,25203.557926207508,25967.303245184798,763.7453189772896,2.9614468562013605,True,ConfidenceLevel.LOW
STATIC,2026-01-26,14.0,25763.77236424826,25799.544686426925,25713.20987189766,-86.33481452926571,0.33576054860277205,25279.74177474795,25927.174648738845,647.432873990896,2.5129583697507063,True,ConfidenceLevel.LOW
STATIC,2026-01-26,14.5,25764.40761525181,25799.29966066749,25713.20987189766,-86.0897887698302,0.33480763078093556,25308.450215124256,25925.6001457783,617.1499306540427,2.3953585111295443,True,ConfidenceLevel.LOW
STATIC,2026-01-26,15.0,25753.64663343014,25795.25802357833,25713.20987189766,-82.04815168067216,0.31908949559169497,25325.84692721525,25905.958383940073,580.1114567248223,2.2525410283908873,True,ConfidenceLevel.LOW
STATIC,2026-01-26,15.5,25753.55623501444,25795.167479101616,25713.20987189766,-81.95760720395629,0.31873736344962883,25346.174237913838,25904.737204471112,558.5629665572742,2.1688770337583674,True,ConfidenceLevel.LOW
STATIC,2026-01-27,9.5,25838.63078819833,25905.68029731866,25939.74427393451,34.06397661584924,0.1313196315897314,25246.520789451042,26208.13969157426,961.6189021232167,3.7216325818720684,True,ConfidenceLevel.LOW
STATIC,2026-01-27,10.0,25925.72235763144,25962.83086542256,25939.74427393451,-23.086591488048725,0.08900084458907806,25417.355829938555,26249.81500722313,832.4591772845743,3.2109391815635693,True,ConfidenceLevel.LOW
STATIC,2026-01-27,10.5,25942.50525452578,25974.99400554941,25939.74427393451,-35.249731614901975,0.13589082160043722,25443.33723092604,26278.827315118782,835.490084192741,3.2205451092545747,True,ConfidenceLevel.LOW
STATIC,2026-01-27,11.0,25954.08586727593,25992.29245566371,25939.74427393451,-52.54818172920204,0.20257787113963557,25419.06868287502,26286.06659760864,866.9979147336198,3.340506458856906,True,ConfidenceLevel.LOW
STATIC,2026-01-27,11.5,25961.53027938014,26000.660378791847,25939.74427393451,-60.916104857336904,0.23483695218440648,25388.91501957255,26273.79351927309,884.8784997005423,3.408421961949424,True,ConfidenceLevel.LOW
STATIC,2026-01-27,12.0,25947.32457021122,25996.76542113198,25939.74427393451,-57.02114719746896,0.2198215471798869,25324.05606474358,26222.36939899081,898.3133342472283,3.46206535404631,True,ConfidenceLevel.LOW
STATIC,2026-01-27,12.5,25950.55167108629,25998.70509614099,25939.74427393451,-58.96082220648168,0.22729916526481844,25333.118580315626,26194.925232851085,861.8066525354589,3.3209569625283564,True,ConfidenceLevel.LOW
STATIC,2026-01-27,13.0,25922.98199936134,25976.93791639326,25939.74427393451,-37.19364245875113,0.14338476920192722,25268.6224117717,26120.91348301167,852.2910712399716,3.2877817500354296,True,ConfidenceLevel.LOW
STATIC,2026-01-27,13.5,25957.02868160743,25991.606236881387,25939.74427393451,-51.86196294687761,0.19993243726381288,25347.805191347794,26138.23721413557,790.4320227877761,3.0451560249184397,True,ConfidenceLevel.LOW
STATIC,2026-01-27,14.0,25946.52530882337,25982.470513025182,25939.74427393451,-42.72623909067261,0.1647134167533254,25461.582489650784,26111.369415740908,649.7869260901243,2.50433119023131,True,ConfidenceLevel.LOW
STATIC,2026-01-27,14.5,25955.88501831849,25987.35458642172,25939.74427393451,-47.61031248720974,0.18354195008410645,25503.032368148477,26111.097664991066,608.0652968425893,2.342687588627567,True,ConfidenceLevel.LOW
STATIC,2026-01-27,15.0,25961.61815169046,25987.387980823376,25939.74427393451,-47.64370688886629,0.1836706884452248,25562.91861413259,26120.31907193204,557.4004577994492,2.1470173952279423,True,ConfidenceLevel.LOW
STATIC,2026-01-27,15.5,25964.85007729311,25996.148215401237,25939.74427393451,-56.4039414667277,0.217442164699384,25578.479397427134,26116.320071732298,537.8406743051637,2.0714183702355298,True,ConfidenceLevel.LOW
STATIC,2026-01-28,9.5,26123.23243335109,26203.503742848476,26022.79027959953,-180.71346324894694,0.6944430682001714,25482.56651346885,26482.582647116662,1000.0161336478122,3.828071951659047,True,ConfidenceLevel.LOW
STATIC,2026-01-28,10.0,26126.82994057879,26198.103826204715,26022.79027959953,-175.31354660518627,0.6736923470601947,25496.74932907072,26469.942604657044,973.1932755863236,3.724880813323671,True,ConfidenceLevel.LOW
STATIC,2026-01-28,10.5,26070.13880068432,26150.78604605274,26022.79027959953,-127.99576645321213,0.49186026970195407,25491.04069521067,26496.520247029846,1005.479551819175,3.8568246970468065,True,ConfidenceLevel.LOW
STATIC,2026-01-28,11.0,26051.64067403631,26131.06236401979,26022.79027959953,-108.27208442025949,0.4160663912552797,25487.55557378275,26473.643318972976,986.087745190227,3.785127230673751,True,ConfidenceLevel.LOW
STATIC,2026-01-28,11.5,26021.76269322467,26101.54141405713,26022.79027959953,-78.75113445760144,0.30262371410393335,25470.000234386156,26419.749139306,949.7489049198448,3.6498254023626635,True,ConfidenceLevel.LOW
STATIC,2026-01-28,12.0,26006.79611426262,26086.960133834687,26022.79027959953,-64.16985423515871,0.24659098254142423,25373.4266679191,26346.980188569316,973.5535206502173,3.743458119073353,True,ConfidenceLevel.LOW
STATIC,2026-01-28,12.5,25985.52353373318,26066.79666876549,26022.79027959953,-44.0063891659629,0.16910711223946476,25400.691902249386,26302.49738303849,901.8054807891058,3.4704149008905847,True,ConfidenceLevel.LOW
STATIC,2026-01-28,13.0,26020.20047508622,26089.061382262295,26022.79027959953,-66.27110266276577,0.25466562943758864,25359.93594485693,26254.78291841698,894.8469735600484,3.439047191111556,True,ConfidenceLevel.LOW
STATIC,2026-01-28,13.5,26026.65738036344,26096.002603083914,26022.79027959953,-73.2123234843857,0.28133925185486447,25379.68347020217,26243.07469521665,863.3912250144786,3.317334271537646,True,ConfidenceLevel.LOW
STATIC,2026-01-28,14.0,26025.63543208506,26095.414407037835,26022.79027959953,-72.62412743830646,0.27907894064396266,25479.67627102183,26212.623165384306,732.9468943624743,2.8162497560343094,True,ConfidenceLevel.LOW
STATIC,2026-01-28,14.5,26021.82156444399,26091.49714090461,26022.79027959953,-68.70686130507966,0.2640257273215707,25499.61589782508,26213.93574064218,714.3198428171017,2.7450800899854864,True,ConfidenceLevel.LOW
STATIC,2026-01-28,15.0,26054.88729364629,26122.20412314747,26022.79027959953,-99.4138435479399,0.38202607206912403,25580.693210308702,26258.276615101484,677.583404792782,2.600600022392024,True,ConfidenceLevel.LOW
STATIC,2026-01-28,15.5,26026.59987644723,26096.381437232703,26022.79027959953,-73.59115763317459,0.28279503021190666,25570.907773168823,26199.000528129072,628.0927549602493,2.4132724133844383,True,ConfidenceLevel.LOW
STATIC,2026-01-29,9.5,25976.46091473121,26040.13368891189,25884.29557417993,-155.83811473195965,0.6020566187917089,25326.123220236528,26388.93055273604,1062.807332499513,4.091424678628167,True,ConfidenceLevel.LOW
STATIC,2026-01-29,10.0,25670.44816523967,25761.288741162352,25884.29557417993,123.00683301757817,0.4752180049291347,25166.209188664357,26073.10047105275,906.8912823883911,3.5328221640337847,True,ConfidenceLevel.LOW
STATIC,2026-01-29,10.5,25580.26529816828,25673.612131083926,25884.29557417993,210.68344309600434,0.8139431204230453,25129.14100345404,25970.059396158464,840.9183927044251,3.2873716628913954,True,ConfidenceLevel.LOW
STATIC,2026-01-29,11.0,25439.32324702247,25532.527802003504,25884.29557417993,351.76777217642666,1.3590007546016496,24979.621681607645,25809.723524543486,830.101842935841,3.263065746188825,False,ConfidenceLevel.LOW
STATIC,2026-01-29,11.5,25566.75394996521,25638.222071850472,25884.29557417993,246.07350232945828,0.9506671781901656,25020.50223470555,25930.786217611723,910.2839829061741,3.560420633325698,True,ConfidenceLevel.LOW
STATIC,2026-01-29,12.0,25624.46739294767,25695.36277109692,25884.29557417993,188.9328030830111,0.729912863734546,25034.639938654,25960.300428545732,925.6604898917321,3.6124087017960465,True,ConfidenceLevel.LOW
STATIC,2026-01-29,12.5,25730.6781054576,25791.073977368364,25884.29557417993,93.221596811567,0.36014732000107924,25127.899692591945,26029.803436904724,901.9037443127781,3.5051689684053837,True,ConfidenceLevel.LOW
STATIC,2026-01-29,13.0,25686.65046704964,25746.07222923254,25884.29557417993,138.2233449473897,0.5340046614413957,25033.91156804685,25942.913865145838,909.0022970989885,3.538812108900846,True,ConfidenceLevel.LOW
STATIC,2026-01-29,13.5,25720.87923941401,25769.388391287062,25884.29557417993,114.90718289286815,0.4439262508170793,25104.102938170556,25938.023644525183,833.9207063546273,3.242193622513296,True,ConfidenceLevel.LOW
STATIC,2026-01-29,14.0,25721.88860578659,25770.39966130789,25884.29557417993,113.89591287204166,0.4400193644274985,25201.84825669746,25910.033861158918,708.1856044614578,2.753241083168905,True,ConfidenceLevel.LOW
STATIC,2026-01-29,14.5,25727.90356356451,25772.648447868756,25884.29557417993,111.64712631117436,0.4313315229738933,25248.60988561278,25930.1968300945,681.5869444817217,2.6492129170095904,True,ConfidenceLevel.LOW
STATIC,2026-01-29,15.0,25732.67119534706,25780.98059610985,25884.29557417993,103.31497807008054,0.39914154810200503,25281.329328116593,25924.03041157834,642.7010834617467,2.49760733575906,True,ConfidenceLevel.LOW
STATIC,2026-01-29,15.5,25750.06745498111,25798.336761080158,25884.29557417993,85.95881309977267,0.3320886707286645,25313.18301916325,25914.759289374226,601.576270210975,2.3362124051236446,True,ConfidenceLevel.LOW
STATIC,2026-01-30,9.5,25776.97072611698,25829.465396965028,25552.38674697859,-277.0786499864371,1.0843552609393716,25092.067405964823,26171.61759337222,1079.5501874073962,4.1880413291295175,True,ConfidenceLevel.LOW
STATIC,2026-01-30,10.0,25701.85695422074,25772.480257232237,25552.38674697859,-220.09351025364595,0.8613422786412336,25188.044383136337,26131.668980283,943.6245971466633,3.6714257605098917,True,ConfidenceLevel.LOW
STATIC,2026-01-30,10.5,25688.68051190867,25757.504617443905,25552.38674697859,-205.1178704653139,0.8027346818769006,25156.190878625923,26090.930333561537,934.739454935614,3.6387211655432856,True,ConfidenceLevel.LOW
STATIC,2026-01-30,11.0,25720.86899526318,25779.13847845245,25552.38674697859,-226.75173147385794,0.8873994187672896,25179.906283511264,26140.97856190024,961.072278388976,3.7365466873065976,True,ConfidenceLevel.LOW
STATIC,2026-01-30,11.5,25675.01943692229,25744.04010829394,25552.38674697859,-191.65336131534787,0.7500409383010362,25100.642699733897,26050.66445379782,950.0217540639242,3.7001792983951285,True,ConfidenceLevel.LOW
STATIC,2026-01-30,12.0,25602.19283683421,25674.572119767876,25552.38674697859,-122.18537278928488,0.4781759684493369,25118.216754741665,25978.212012120253,859.9952573785886,3.3590687440698526,True,ConfidenceLevel.LOW
STATIC,2026-01-30,12.5,25624.36680644408,25690.719712857575,25552.38674697859,-138.3329658789844,0.5413700381446418,25071.707080931563,25954.880600816945,883.1735198853821,3.446615975163451,True,ConfidenceLevel.LOW
STATIC,2026-01-30,13.0,25568.06661342683,25628.263738245147,25552.38674697859,-75.8769912665557,0.2969467862939562,25053.57937269398,25875.307968757017,821.7285960630361,3.2138863234637896,True,ConfidenceLevel.LOW
STATIC,2026-01-30,13.5,25491.09704436321,25562.278920668272,25552.38674697859,-9.89217368968093,0.03871330607052047,24990.70762384703,25729.173788753415,738.4661649063855,2.8969571753667656,True,ConfidenceLevel.LOW
STATIC,2026-01-30,14.0,25638.3345423111,25676.074034303747,25552.38674697859,-123.68728732515592,0.4840537541557881,25202.607096081367,25849.11524360021,646.5081475188417,2.5216464293025953,True,ConfidenceLevel.LOW
STATIC,2026-01-30,14.5,25612.570319425,25659.19781498283,25552.38674697859,-106.81106800423731,0.41800818476131996,25189.06572262415,25827.660356090426,638.5946334662767,2.4932860134773582,True,ConfidenceLevel.LOW
STATIC,2026-01-30,15.0,25541.74543517057,25601.570548569984,25552.38674697859,-49.183801591392694,0.19248222124380757,25148.349507323666,25751.981758000806,603.6322506771394,2.3633163685280003,True,ConfidenceLevel.LOW
STATIC,2026-01-30,15.5,25507.37626748746,25573.70161098216,25552.38674697859,-21.3148640035688,0.08341633294231957,25143.66976660961,25699.51107754357,555.8413109339599,2.1791394971597042,True,ConfidenceLevel.LOW
STATIC,2026-02-02,9.5,25523.07477411256,25571.68889303016,25738.61393708193,166.92504405176805,0.6485393675813954,24912.69760130628,25946.425784854575,1033.7281835482936,4.0501710420751476,True,ConfidenceLevel.LOW
STATIC,2026-02-02,10.0,25682.27471261119,25712.870711452648,25738.61393708193,25.74322562928137,0.10001791740693851,25166.605053410585,26019.046495111823,852.4414417012376,3.3191820087597197,True,ConfidenceLevel.LOW
STATIC,2026-02-02,10.5,25760.05156922982,25804.084776211792,25738.61393708193,-65.47083912986272,0.2543681617429216,25213.031738592697,26031.697146971866,818.6654083791691,3.1780425834125983,True,ConfidenceLevel.LOW
STATIC,2026-02-02,11.0,25705.47474949666,25760.265907308123,25738.61393708193,-21.651970226193953,0.0841225183264422,25125.54114378647,26039.82683277926,914.2856889927898,3.5567741809969586,True,ConfidenceLevel.LOW
STATIC,2026-02-02,11.5,25779.89836586355,25813.031487085806,25738.61393708193,-74.41755000387639,0.2891280400171904,25258.173220410783,26029.588349342772,771.4151289319889,2.9923125296469673,True,ConfidenceLevel.LOW
STATIC,2026-02-02,12.0,25804.34438139496,25826.6577630599,25738.61393708193,-88.04382597796939,0.34206902591255545,25254.884666476028,26041.15889144981,786.2742249737821,3.0470614302477266,True,ConfidenceLevel.LOW
STATIC,2026-02-02,12.5,25810.49789070106,25836.125733287285,25738.61393708193,-97.5117962053555,0.3788541078541494,25273.20768200855,26009.539439883338,736.3317578747883,2.8528382559410916,True,ConfidenceLevel.LOW
STATIC,2026-02-02,13.0,25822.22313584143,25827.884780315384,25738.61393708193,-89.2708432334548,0.3468362494253866,25290.618341986326,26023.01551464597,732.3971726596428,2.8363056457484883,True,ConfidenceLevel.LOW
STATIC,2026-02-02,13.5,25800.98270656217,25820.308328901272,25738.61393708193,-81.69439181934285,0.31740012115277416,25248.381077169994,25943.107997817573,694.7269206475794,2.6926374415610304,True,ConfidenceLevel.LOW
STATIC,2026-02-02,14.0,25829.07392725307,25822.926566405895,25738.61393708193,-84.31262932396567,0.32757253180015045,25455.571178968043,26006.587971473662,551.0167925056194,2.133319971352996,True,ConfidenceLevel.LOW
STATIC,2026-02-02,14.5,25797.45469433533,25821.616086168913,25738.61393708193,-83.00214908698399,0.32248103681838824,25393.740882374903,25921.333432578773,527.5925502038699,2.0451341283670126,True,ConfidenceLevel.LOW
STATIC,2026-02-02,15.0,25757.96328771287,25797.868070109595,25738.61393708193,-59.254133027665375,0.23021493376648863,25371.650620790297,25905.847977539368,534.1973567490713,2.073911476548674,True,ConfidenceLevel.LOW
STATIC,2026-02-02,15.5,25746.22063050003,25788.626166841394,25738.61393708193,-50.01222975946439,0.19430817013580973,25373.325894406393,25896.869100981923,523.5432065755303,2.033475957847264,True,ConfidenceLevel.LOW
STATIC,2026-02-03,9.5,25764.38638710795,25826.166601238012,25338.62056521204,-487.54603602597126,1.924122249556608,25175.959915223655,26100.38374777765,924.4238325539955,3.587990874941082,True,ConfidenceLevel.LOW
STATIC,2026-02-03,10.0,25511.78137951527,25587.55498749759,25338.62056521204,-248.93442228555068,0.9824308377201808,25033.712515480453,25912.825370876413,879.1128553959607,3.4459093323128185,True,ConfidenceLevel.LOW
STATIC,2026-02-03,10.5,25398.76699400791,25482.493819884327,25338.62056521204,-143.87325467228584,0.567802238097415,24989.41944049634,25776.30710550173,786.8876650053935,3.0981333274604883,True,ConfidenceLevel.LOW
STATIC,2026-02-03,11.0,25462.83623259786,25533.705340979894,25338.62056521204,-195.084775767853,0.7699107978896422,24979.116045695817,25812.223746795713,833.1077010998961,3.271857437598961,True,ConfidenceLevel.LOW
STATIC,2026-02-03,11.5,25407.17962038436,25485.539738859086,25338.62056521204,-146.91917364704568,0.5798230936405209,24938.14874400337,25759.332983617158,821.1842396137872,3.2320952261656988,True,ConfidenceLevel.LOW
STATIC,2026-02-03,12.0,25383.64695264925,25465.215610433264,25338.62056521204,-126.5950452212237,0.4996130112742952,24883.706922936442,25699.77279825395,816.0658753175085,3.2149276139862835,True,ConfidenceLevel.LOW
STATIC,2026-02-03,12.5,25275.11448353917,25355.041202899647,25338.62056521204,-16.42063768760636,0.06480478148108275,24795.084042797047,25561.530884682223,766.4468418851757,3.0324168952205404,True,ConfidenceLevel.LOW
STATIC,2026-02-03,13.0,25263.63446550207,25338.234795982255,25338.62056521204,0.3857692297860922,0.0015224555290737625,24735.153033035287,25500.08381919158,764.930786156292,3.027793911445395,True,ConfidenceLevel.LOW
STATIC,2026-02-03,13.5,25202.98150547376,25269.805217770092,25338.62056521204,68.81534744194869,0.2715828482645453,24712.880188586554,25406.311647653678,693.4314590671238,2.7513866123994877,True,ConfidenceLevel.LOW
STATIC,2026-02-03,14.0,25122.0485791295,25192.29510222827,25338.62056521204,146.325462983772,0.5774799879385127,24713.728138025293,25308.679804470066,594.9516664447729,2.3682450281504406,False,ConfidenceLevel.LOW
STATIC,2026-02-03,14.5,25167.58927833463,25235.39315128785,25338.62056521204,103.22741392418902,0.40739160862573653,24764.63826865205,25340.654079449694,576.0158107976458,2.2887206415654027,True,ConfidenceLevel.LOW
STATIC,2026-02-03,15.0,25184.87966425092,25251.273694512685,25338.62056521204,87.34687069935535,0.34471833411198327,24821.552616102937,25376.757757018186,555.2051409152482,2.2045177436497467,True,ConfidenceLevel.LOW
STATIC,2026-02-03,15.5,25289.96860539483,25351.687925613838,25338.62056521204,-13.067360401797487,0.05157092260869938,24881.760113872322,25434.564998649174,552.8048847768514,2.185866235749014,True,ConfidenceLevel.LOW
STATIC,2026-02-04,9.5,25181.00255721717,25251.646502386015,24891.23845053545,-360.40805185056524,1.447931377809015,24551.30277542113,25621.908887598798,1070.6061121776693,4.251642124832004,True,ConfidenceLevel.LOW
STATIC,2026-02-04,10.0,25030.67766086604,25113.68089444982,24891.23845053545,-222.4424439143695,0.8936575990640772,24558.132153700342,25447.01700318326,888.8848494829181,3.5511817199924876,True,ConfidenceLevel.LOW
STATIC,2026-02-04,10.5,25067.62413792594,25144.03275658252,24891.23845053545,-252.7943060470716,1.015595533944329,24585.901896223317,25457.297399512165,871.395503288848,3.476179068643663,True,ConfidenceLevel.LOW
STATIC,2026-02-04,11.0,24966.08997618712,25049.604575796988,24891.23845053545,-158.3661252615384,0.6362324059377275,24515.29437471416,25348.20792402067,832.9135493065078,3.3361793941339966,True,ConfidenceLevel.LOW
STATIC,2026-02-04,11.5,24961.46715519994,25040.613806444137,24891.23845053545,-149.3753559086872,0.600112188895422,24512.88152207088,25338.006114123193,825.1245920523143,3.305593324791509,True,ConfidenceLevel.LOW
STATIC,2026-02-04,12.0,24941.07102819752,25009.58928343815,24891.23845053545,-118.35083290269904,0.4754718538327816,24413.316538609266,25288.554653748837,875.2381151395712,3.5092242596561194,True,ConfidenceLevel.LOW
STATIC,2026-02-04,12.5,24781.55924352166,24864.026934826816,24891.23845053545,27.21151570863367,0.10932166257098513,24344.813448185072,25089.650697721936,744.837249536864,3.005610915025767,True,ConfidenceLevel.LOW
STATIC,2026-02-04,13.0,24755.33475587612,24827.18708052606,24891.23845053545,64.05137000939067,0.25732496250307235,24267.977434158292,25021.234398779696,753.2569646214033,3.042806619460496,True,ConfidenceLevel.LOW
STATIC,2026-02-04,13.5,24769.50519241824,24829.717867991203,24891.23845053545,61.52058254424628,0.24715757983075717,24257.1867485926,25019.28387999663,762.0971314040289,3.0767555729667992,True,ConfidenceLevel.LOW
STATIC,2026-02-04,14.0,24801.5412615343,24861.292863441886,24891.23845053545,29.945587093563518,0.1203057338953713,24372.322480057574,24984.95333418381,612.630854126237,2.4701321892296693,True,ConfidenceLevel.LOW
STATIC,2026-02-04,14.5,24903.09894170119,24958.007005500065,24891.23845053545,-66.76855496461576,0.2682411929695666,24463.280289769635,25110.29306471446,647.0127749448257,2.598121528808521,True,ConfidenceLevel.LOW
STATIC,2026-02-04,15.0,24964.84111406245,25012.896824148134,24891.23845053545,-121.65837361268495,0.4887598254881846,24576.945220921392,25158.426945706025,581.4817247846331,2.329202585860201,True,ConfidenceLevel.LOW
STATIC,2026-02-04,15.5,24964.57849161076,25012.63369616515,24891.23845053545,-121.3952456297011,0.48770271463567816,24590.857843821217,25141.440485034153,550.5826412129354,2.2054553871116087,True,ConfidenceLevel.LOW
STATIC,2026-02-05,9.5,24699.9856542736,24767.978126504837,24548.69024491809,-219.28788158674797,0.8932773170338223,24086.169086896964,25041.627587470393,955.4585005734298,3.8682552854362324,True,ConfidenceLevel.LOW
STATIC,2026-02-05,10.0,24593.2368720177,24689.13369269473,24548.69024491809,-140.44344777664082,0.5721015922864338,24006.49947995417,25010.055816469732,1003.5563365155613,4.080619162650414,True,ConfidenceLevel.LOW
STATIC,2026-02-05,10.5,24469.16705079015,24575.014983817633,24548.69024491809,-26.324738899544172,0.1072348000520873,24032.2896207175,24896.901146582648,864.611525865148,3.53347346916424,True,ConfidenceLevel.LOW
STATIC,2026-02-05,11.0,24494.2409745189,24595.905915381278,24548.69024491809,-47.21567046318887,0.19233478443096635,24027.544100481588,24915.107300377505,887.5631998959179,3.623558700264444,True,ConfidenceLevel.LOW
STATIC,2026-02-05,11.5,24717.54792720327,24805.31314385858,24548.69024491809,-256.6228989404917,1.0453628946400353,24079.599301042505,25027.13566479493,947.5363637524242,3.8334561605506137,True,ConfidenceLevel.LOW
STATIC,2026-02-05,12.0,24662.17184981011,24746.700019027347,24548.69024491809,-198.0097741092577,0.8066001572130652,24053.027881741007,24962.61148072208,909.583598981073,3.6881731443618846,True,ConfidenceLevel.LOW
STATIC,2026-02-05,12.5,24708.72627272932,24795.038114070136,24548.69024491809,-246.34786915204677,1.0035071797895372,24041.481626021152,24925.58403117273,884.1024051515778,3.5780978565752677,True,ConfidenceLevel.LOW
STATIC,2026-02-05,13.0,24702.11486829556,24778.672957103627,24548.69024491809,-229.98271218553782,0.9368431060518487,24023.614513017743,24936.319539808686,912.7050267909435,3.6948456909751224,True,ConfidenceLevel.LOW
STATIC,2026-02-05,13.5,24645.64878670715,24718.233715191174,24548.69024491809,-169.5434702730854,0.6906416129804855,24040.71434306291,24927.598106321682,886.8837632587711,3.5985409470621033,True,ConfidenceLevel.LOW
STATIC,2026-02-05,14.0,24629.40101195518,24702.073982684837,24548.69024491809,-153.3837377667478,0.6248143433986272,24138.212711712633,24903.47207102373,765.2593593110978,3.107096916159832,True,ConfidenceLevel.LOW
STATIC,2026-02-05,14.5,24620.51249805185,24699.40650605995,24548.69024491809,-150.71626114186074,0.6139482784547378,24122.178019457555,24877.615505669582,755.4374862120276,3.068325593432725,True,ConfidenceLevel.LOW
STATIC,2026-02-05,15.0,24635.90646139274,24707.75606413737,24548.69024491809,-159.06581921928228,0.6479605128921737,24168.173745670545,24889.231644768333,721.0578990977883,2.926857593926036,True,ConfidenceLevel.LOW
STATIC,2026-02-05,15.5,24528.38697470779,24605.556153221427,24548.69024491809,-56.865908303338074,0.2316453861122391,24104.14783839359,24806.45634704248,702.30850864889,2.863247833512528,True,ConfidenceLevel.LOW
STATIC,2026-02-06,9.5,24766.9194227574,24817.163958616497,25075.77232205038,258.6083634338829,1.0313076706573685,24167.964301791268,25081.720390806768,913.7560890155,3.689421657244476,True,ConfidenceLevel.LOW
STATIC,2026-02-06,10.0,24709.70148314662,24766.798012448813,25075.77232205038,308.97430960156635,1.2321626852939234,24186.718908844574,25078.77849887294,892.0595900283661,3.610159315914035,True,ConfidenceLevel.LOW
STATIC,2026-02-06,10.5,24835.43665660915,24879.909024193457,25075.77232205038,195.86329785692215,0.781085804024029,24267.933275700474,25110.792037793846,842.8587620933722,3.393774684726844,True,ConfidenceLevel.LOW
STATIC,2026-02-06,11.0,24862.91446652086,24896.220436959436,25075.77232205038,179.55188509094296,0.7160373079837465,24293.603730315077,25140.21626156671,846.6125312516342,3.405121842781705,True,ConfidenceLevel.LOW
STATIC,2026-02-06,11.5,24943.845721983,24964.10449898985,25075.77232205038,111.66782306052846,0.4453215702645911,24411.06685549168,25134.272048455943,723.2051929642621,2.899333170293391,True,ConfidenceLevel.LOW
STATIC,2026-02-06,12.0,24934.49539154167,24964.314765930038,25075.77232205038,111.4575561203419,0.4444830439871704,24354.93283382089,25101.29774596773,746.3649121468407,2.9933026533194815,True,ConfidenceLevel.LOW
STATIC,2026-02-06,12.5,25001.44849941719,24998.890112166504,25075.77232205038,76.88220988387548,0.3065995690839365,24459.750904822526,25176.525692556555,716.7747877340298,2.8669330409025644,True,ConfidenceLevel.LOW
STATIC,2026-02-06,13.0,25032.92021861449,25006.839093524515,25075.77232205038,68.93322852586425,0.2748997224912902,24494.773141855378,25229.68520590363,734.9120640482506,2.935782392266683,True,ConfidenceLevel.LOW
STATIC,2026-02-06,13.5,24994.44224401129,24981.97336054394,25075.77232205038,93.79896150643981,0.3740621038577452,24459.31583256468,25144.111152775986,684.7953202113058,2.7397903642974226,True,ConfidenceLevel.LOW
STATIC,2026-02-06,14.0,25007.24047275718,24985.87988733081,25075.77232205038,89.89243471956797,0.3584832146546532,24603.68130240606,25166.20313639713,562.521833991068,2.2494358568026636,True,ConfidenceLevel.LOW
STATIC,2026-02-06,14.5,25006.07494385242,24989.206563911626,25075.77232205038,86.56575813875315,0.3452167176626961,24611.609550145415,25145.08386064442,533.4743104990048,2.1333788357302987,True,ConfidenceLevel.LOW
STATIC,2026-02-06,15.0,24995.34448130163,24979.17085073786,25075.77232205038,96.6014713125187,0.38523826932170774,24599.454339121432,25142.8897368462,543.4353977247665,2.1741464620793542,True,ConfidenceLevel.LOW
STATIC,2026-02-06,15.5,25018.27278168835,24977.884958229184,25075.77232205038,97.88736382119532,0.39036629685426705,24682.59756931836,25185.883867697154,503.2862983787927,2.0116748377096743,True,ConfidenceLevel.LOW
DYNAMIC,2026-01-20,9.5,25198.83383990118,25229.8256603892,24987.56642309378,-242.25923729542046,0.9695191328096755,24517.701589444787,25667.30460126546,1149.6030118206727,4.562127831488494,True,ConfidenceLevel.LOW
DYNAMIC,2026-01-20,10.0,25157.33674899628,25195.94264739365,24987.56642309378,-208.37622429987096,0.8339196413592617,24636.07995494044,25620.05158776591,983.971632825469,3.9112710643535316,True,ConfidenceLevel.LOW
DYNAMIC,2026-01-20,10.5,25241.05462323962,25271.14702703782,24987.56642309378,-283.58060394403947,1.1348868438902926,24681.860950730308,25652.38575929527,970.5248085649619,3.84502479413595,True,ConfidenceLevel.LOW
DYNAMIC,2026-01-20,11.0,25233.48282229235,25279.912515197506,24987.56642309378,-292.3460921037258,1.1699662430253168,24571.24228992847,25671.269881553966,1100.0275916254977,4.359396597657481,True,ConfidenceLevel.LOW
DYNAMIC,2026-01-20,11.5,25255.07243380739,25276.933130835612,24987.56642309378,-289.3667077418322,1.1580427755237357,24655.991097542625,25689.96757414809,1033.976476605465,4.094133878710818,True,ConfidenceLevel.LOW
DYNAMIC,2026-01-20,12.0,25241.46345915812,25277.377761678763,24987.56642309378,-289.8113385849829,1.1598221838727603,24768.4698370494,25602.891572212655,834.4217351632542,3.305758148743586,True,ConfidenceLevel.LOW
DYNAMIC,2026-01-20,12.5,25163.39897333281,25213.668353935107,24987.56642309378,-226.10193084132698,0.9048577481013163,24660.802334428758,25534.48202959167,873.6796951629112,3.472025762850253,True,ConfidenceLevel.LOW
DYNAMIC,2026-01-20,13.0,25142.08160460363,25193.336463356594,24987.56642309378,-205.7700402628143,0.823489717960847,24617.92660102375,25597.105955462066,979.1793544383145,3.8945834710003577,True,ConfidenceLevel.LOW
DYNAMIC,2026-01-20,13.5,25085.33232487488,25133.499266553066,24987.56642309378,-145.93284345928623,0.5840218330521916,24811.249755420973,25511.382514067795,700.1327586468215,2.791004518415578,True,ConfidenceLevel.LOW
DYNAMIC,2026-01-20,14.0,25061.091994089,25112.216419762688,24987.56642309378,-124.64999666890799,0.49884808531696434,24823.953264747146,25425.417429952464,601.4641652053178,2.3999918493064123,True,ConfidenceLevel.LOW
DYNAMIC,2026-01-20,14.5,24995.10740217252,25027.72759995522,24987.56642309378,-40.161176861438435,0.16072464273400006,24844.178034217304,25355.87694877673,511.69891455942707,2.0471963025650024,True,ConfidenceLevel.LOW
DYNAMIC,2026-01-20,15.0,25013.55470410494,25066.01475595893,24987.56642309378,-78.44833286515131,0.3139494720568247,24810.49812333707,25269.580890759895,459.08276742282396,1.835335972249816,True,ConfidenceLevel.MEDIUM
DYNAMIC,2026-01-20,15.5,24986.5849805428,25050.687428259367,24987.56642309378,-63.12100516558712,0.2526096543249206,24693.20728686528,25180.406795130722,487.199508265443,1.9498443210419836,True,ConfidenceLevel.MEDIUM
DYNAMIC,2026-01-21,9.5,25027.46585333648,25069.63897015603,25326.58105455855,256.94208440251896,1.0145154762461386,24423.91814794626,25525.78470853643,1101.8665605901697,4.402629363465007,True,ConfidenceLevel.LOW
DYNAMIC,2026-01-21,10.0,25178.56337381441,25206.902468550965,25326.58105455855,119.67858600758336,0.472541421006537,24552.27316339056,25571.914709162702,1019.6415457721414,4.049641477291607,True,ConfidenceLevel.LOW
DYNAMIC,2026-01-21,10.5,25271.31332107481,25301.535788752582,25326.58105455855,25.045265805965755,0.09888924901475338,24649.863769979005,25548.7980270551,898.9342570760964,3.557133124246603,True,ConfidenceLevel.LOW
DYNAMIC,2026-01-21,11.0,25318.57811202307,25333.58646847306,25326.58105455855,-7.005413914510427,0.027660322170684454,24692.67588328367,25561.818805419858,869.1429221361868,3.4328267499487093,True,ConfidenceLevel.LOW
DYNAMIC,2026-01-21,11.5,25273.22169378655,25285.736215655128,25326.58105455855,40.84483890342017,0.16127261242025592,24648.706395185643,25603.99435354262,955.2879583569775,3.7798424353308158,True,ConfidenceLevel.LOW
DYNAMIC,2026-01-21,12.0,25084.89697948984,25127.756667588823,25326.58105455855,198.8243869697253,0.7850423495434208,24638.278912386468,25489.68345978318,851.4045473967126,3.3940922623395515,True,ConfidenceLevel.LOW
DYNAMIC,2026-01-21,12.5,25053.80934274793,25103.504018751613,25326.58105455855,223.07703580693487,0.8808020132144252,24569.554635680972,25409.942866212954,840.3882305319821,3.3543331436552215,True,ConfidenceLevel.LOW
DYNAMIC,2026-01-21,13.0,25022.34739053659,25073.180080845428,25326.58105455855,253.40097371312004,1.0005336810651362,24572.049957435152,25471.725941829096,899.6759843939435,3.59548994485705,True,ConfidenceLevel.LOW
DYNAMIC,2026-01-21,13.5,25105.02492667668,25143.09558811632,25326.58105455855,183.48546644222733,0.7244778363370987,24777.48708152741,25485.810652459022,708.3235709316104,2.8214414166103596,True,ConfidenceLevel.LOW
DYNAMIC,2026-01-21,14.0,25120.22291174199,25173.061322740017,25326.58105455855,153.519731818531,0.6061605057856748,24791.73687508297,25410.23420044648,618.4973253635108,2.462149032421227,True,ConfidenceLevel.LOW
DYNAMIC,2026-01-21,14.5,25323.7687349745,25323.393178558337,25326.58105455855,3.187876000210963,0.012587075978963119,25075.65320968424,25446.789431511617,371.1362218273789,1.4655647258174687,True,ConfidenceLevel.MEDIUM
DYNAMIC,2026-01-21,15.0,25460.58663150279,25447.912944915784,25326.58105455855,-121.33189035723626,0.47906936232673086,25200.63161115565,25540.173121920572,339.54151076492053,1.3335965729273513,True,ConfidenceLevel.MEDIUM
DYNAMIC,2026-01-21,15.5,25354.70144544285,25368.997635351952,25326.58105455855,-42.41658079340414,0.1674785108263539,24995.504161092784,25488.88252852586,493.3783674330771,1.945904859083856,True,ConfidenceLevel.MEDIUM
DYNAMIC,2026-01-22,9.5,25527.37047871472,25557.465152700643,25518.35133584543,-39.11381685521337,0.15327720956749466,25077.88975451302,26003.12568950505,925.2359349920298,3.6244858661157906,True,ConfidenceLevel.LOW
DYNAMIC,2026-01-22,10.0,25416.95743535024,25454.22701637149,25518.35133584543,64.12431947393998,0.25128707818935403,25028.153277183785,25858.931798928472,830.7785217446872,3.2685994138276735,True,ConfidenceLevel.LOW
DYNAMIC,2026-01-22,10.5,25482.10186573663,25475.77879923933,25518.35133584543,42.572536606097856,0.16683106226496908,25107.311554166867,25889.306405943407,781.9948517765406,3.068800430579924,True,ConfidenceLevel.LOW
DYNAMIC,2026-01-22,11.0,25485.43150164825,25469.694659828845,25518.35133584543,48.65667601658424,0.1906732742104565,25194.302003350193,25884.639159628266,690.337156278074,2.7087520814918395,True,ConfidenceLevel.LOW
DYNAMIC,2026-01-22,11.5,25527.60092403334,25528.878899087726,25518.35133584543,-10.52756324229631,0.04125487224367949,24953.7836437496,25893.56696955946,939.7833258098581,3.681440056221989,True,ConfidenceLevel.LOW
DYNAMIC,2026-01-22,12.0,25535.24476645144,25500.750879923195,25518.35133584543,17.600455922234687,0.06897175954118738,25156.316991962904,25943.77499344951,787.4580014866078,3.0838083154823765,True,ConfidenceLevel.LOW
DYNAMIC,2026-01-22,12.5,25559.45135192915,25525.377892825876,25518.35133584543,-7.026556980446912,0.027535309346481025,25187.351050170266,26048.039527329947,860.6884771596815,3.367398092035803,True,ConfidenceLevel.LOW
DYNAMIC,2026-01-22,13.0,25570.23809087842,25547.997572799777,25518.35133584543,-29.64623695434784,0.11617614541071077,25166.651896492185,25967.62344398515,800.9715474929653,3.132436798774639,True,ConfidenceLevel.LOW
DYNAMIC,2026-01-22,13.5,25561.85843977718,25564.8583523898,25518.35133584543,-46.50701654437216,0.18224929946412377,25150.39064040609,25905.85511015533,755.4644697492404,2.9554364035349288,True,ConfidenceLevel.LOW
DYNAMIC,2026-01-22,14.0,25550.90164828365,25560.345847559216,25518.35133584543,-41.99451171378678,0.1645659281083626,25283.805567135452,25813.94255765825,530.1369905227984,2.0748269388701193,True,ConfidenceLevel.LOW
DYNAMIC,2026-01-22,14.5,25554.87548382554,25565.619975026657,25518.35133584543,-47.26863918122763,0.1852339069994296,24975.53602347727,25777.82811381693,802.2920903396589,3.1394873782400308,True,ConfidenceLevel.LOW
DYNAMIC,2026-01-22,15.0,25505.25610100975,25484.249833445207,25518.35133584543,34.10150240022267,0.13363521001578405,25255.547261566408,25850.915674642034,595.3684130756264,2.3342969414530046,True,ConfidenceLevel.LOW
DYNAMIC,2026-01-22,15.5,25461.08758662618,25488.21729083756,25518.35133584543,30.134045007867826,0.11808774246923534,25222.90974604746,25707.90630372458,484.996557677121,1.9048540484652068,True,ConfidenceLevel.MEDIUM
DYNAMIC,2026-01-23,9.5,25460.45934303576,25439.85441376523,25605.4662985037,165.61188473846778,0.6467833188733829,25119.407684815975,26112.97685988334,993.569175067365,3.9024008234915746,True,ConfidenceLevel.LOW
DYNAMIC,2026-01-23,10.0,25575.87712990294,25561.52722239762,25605.4662985037,43.93907610607857,0.171600374677208,25186.667566896514,26037.102475627842,850.4349087313276,3.3251446447442135,True,ConfidenceLevel.LOW
DYNAMIC,2026-01-23,10.5,25637.77080044671,25658.19136344172,25605.4662985037,-52.725064938022115,0.20591331680260475,25228.09184596798,25954.194293080636,726.1024471126548,2.832159054561808,True,ConfidenceLevel.LOW
DYNAMIC,2026-01-23,11.0,25704.45685440392,25663.971070688716,25605.4662985037,-58.50477218501692,0.22848547846377534,25377.60439433809,26081.54311343114,703.9387190930502,2.7385862423793834,True,ConfidenceLevel.LOW
DYNAMIC,2026-01-23,11.5,25634.91683648895,25668.52998675698,25605.4662985037,-63.063688253281725,0.24628994261653797,25112.839382154056,25995.35989197182,882.5205098177648,3.442650176893018,True,ConfidenceLevel.LOW
DYNAMIC,2026-01-23,12.0,25656.66343119217,25661.508225064626,25605.4662985037,-56.041926560927095,0.2188670415433989,25207.461863786368,26044.629314819224,837.1674510328558,3.262963063291647,True,ConfidenceLevel.LOW
DYNAMIC,2026-01-23,12.5,25641.8641582773,25685.9918344879,25605.4662985037,-80.52553598420127,0.31448572365544825,25171.14990220228,25904.70488973255,733.5549875302713,2.86077089794377,True,ConfidenceLevel.LOW
DYNAMIC,2026-01-23,13.0,25586.87130977394,25590.99276985241,25605.4662985037,14.47352865128778,0.05652515163191371,25160.143674330055,25981.19686628842,821.0531919583664,3.208884673776946,True,ConfidenceLevel.LOW
DYNAMIC,2026-01-23,13.5,25601.24610543142,25622.919193579448,25605.4662985037,-17.45289507574853,0.06816081719538308,25016.474249060375,25938.85472641731,922.3804773569354,3.6028733662352797,True,ConfidenceLevel.LOW
DYNAMIC,2026-01-23,14.0,25613.92300922939,25630.374686384337,25605.4662985037,-24.908387880637747,0.09727761873289265,25109.73530932726,25840.617666735154,730.8823574078924,2.853457305796288,True,ConfidenceLevel.LOW
DYNAMIC,2026-01-23,14.5,25611.44257500979,25629.58643261269,25605.4662985037,-24.120134108990896,0.09419915977238187,25014.709139960552,25902.85201548388,888.1428755233283,3.4677581043011148,True,ConfidenceLevel.LOW
DYNAMIC,2026-01-23,15.0,25599.39262347568,25617.40963192517,25605.4662985037,-11.943333421470015,0.04664368647786721,25187.194805787334,25819.58889180743,632.3940860200964,2.4703480091170813,True,ConfidenceLevel.LOW
DYNAMIC,2026-01-23,15.5,25576.86109415604,25577.50174909463,25605.4662985037,27.96454940906915,0.10921320113081989,25203.54961522343,25793.981590117724,590.4319748942944,2.308461435985982,True,ConfidenceLevel.LOW
DYNAMIC,2026-01-26,9.5,25639.97704329374,25665.26853216582,25713.20987189766,47.941339731838525,0.18644634400248222,25074.130770712938,25951.51853419685,877.3877634839118,3.421952219389357,True,ConfidenceLevel.LOW
DYNAMIC,2026-01-26,10.0,25707.28236151267,25726.986807845613,25713.20987189766,-13.776935947953461,0.05357921479500105,25243.518879383628,25972.90746764018,729.3885882565519,2.837283918227571,True,ConfidenceLevel.LOW
DYNAMIC,2026-01-26,10.5,25728.43673852699,25748.712839030468,25713.20987189766,-35.50296713280841,0.1380728711416544,25258.257275594948,25953.015916360997,694.7586407660492,2.700353106668484,True,ConfidenceLevel.LOW
DYNAMIC,2026-01-26,11.0,25750.73356580614,25769.779814007165,25713.20987189766,-56.569942109505064,0.22000342388731162,25313.990316730968,26007.275107551784,693.2847908208169,2.69229142171474,True,ConfidenceLevel.LOW
DYNAMIC,2026-01-26,11.5,25770.72286634825,25750.429615990804,25713.20987189766,-37.21974409314498,0.1447495053265325,25375.45624192293,26078.862616278926,703.4063743559964,2.7294786335796335,True,ConfidenceLevel.LOW
DYNAMIC,2026-01-26,12.0,25794.63937645016,25806.517734880093,25713.20987189766,-93.30786298243402,0.36287909384822287,25411.969322737943,26048.45604870388,636.4867259659368,2.4675155045859367,True,ConfidenceLevel.LOW
DYNAMIC,2026-01-26,12.5,25775.13333306244,25802.41348301172,25713.20987189766,-89.20361111405873,0.3469174465516678,25277.936929752646,25978.86145704422,700.9245272915723,2.719382740854644,True,ConfidenceLevel.LOW
DYNAMIC,2026-01-26,13.0,25758.83776897184,25768.079278679448,25713.20987189766,-54.86940678178871,0.2133899542497659,25277.85130543392,26005.278388024202,727.4270825902822,2.8239903101005375,True,ConfidenceLevel.LOW
DYNAMIC,2026-01-26,13.5,25789.60069393052,25811.321705319908,25713.20987189766,-98.11183342224831,0.38156198277476105,25388.0567402383,25939.739546956847,551.6828067185488,2.139167695017415,True,ConfidenceLevel.LOW
DYNAMIC,2026-01-26,14.0,25763.77236424826,25778.336147293117,25713.20987189766,-65.12627539545792,0.2532794455453629,25471.36803847346,25917.586318513357,446.21828003989503,1.7319601870846402,True,ConfidenceLevel.MEDIUM
DYNAMIC,2026-01-26,14.5,25764.40761525181,25786.085129554504,25713.20987189766,-72.87525765684404,0.2834156374093554,25471.964495371623,25870.852967101255,398.8884717296314,1.5482151877363584,True,ConfidenceLevel.MEDIUM
DYNAMIC,2026-01-26,15.0,25753.64663343014,25780.57439940205,25713.20987189766,-67.36452750438912,0.26198412349137623,25488.80714375325,25878.221240114763,389.41409636151366,1.5120736177843852,True,ConfidenceLevel.MEDIUM
DYNAMIC,2026-01-26,15.5,25753.55623501444,25767.087347111225,25713.20987189766,-53.87747521356505,0.20953228119702208,25341.02330508089,25862.486895555583,521.4635904746938,2.0248216817750153,True,ConfidenceLevel.LOW
DYNAMIC,2026-01-27,9.5,25838.63078819833,25862.275464898783,25939.74427393451,77.46880903572674,0.2986490854251446,25340.388614327727,26237.95101699542,897.5624026676924,3.4737227758896947,True,ConfidenceLevel.LOW
DYNAMIC,2026-01-27,10.0,25925.72235763144,25943.053615850902,25939.74427393451,-3.309341916392441,0.012757804708652527,25461.349464938427,26146.28522921054,684.9357642721152,2.6419158348754705,True,ConfidenceLevel.LOW
DYNAMIC,2026-01-27,10.5,25942.50525452578,25956.046204720453,25939.74427393451,-16.301930785943114,0.06284537971457209,25476.92639681804,26176.445758487378,699.5193616693396,2.696421778876986,True,ConfidenceLevel.LOW
DYNAMIC,2026-01-27,11.0,25954.08586727593,25970.010341807472,25939.74427393451,-30.266067872962594,0.11667835871217659,25500.852143762608,26260.626932450974,759.7747886883662,2.927380269040121,True,ConfidenceLevel.LOW
DYNAMIC,2026-01-27,11.5,25961.53027938014,25931.535731105057,25939.74427393451,8.208542829452199,0.03164465594867307,25565.340772068615,26305.102913055965,739.76214098735,2.8494550707394306,True,ConfidenceLevel.LOW
DYNAMIC,2026-01-27,12.0,25947.32457021122,25951.16141719222,25939.74427393451,-11.41714325770954,0.04401409334317158,25560.91764363574,26261.918028219807,701.0003845840656,2.7016287659531875,True,ConfidenceLevel.LOW
DYNAMIC,2026-01-27,12.5,25950.55167108629,25975.412305602775,25939.74427393451,-35.66803166826503,0.1375034051669737,25435.678123112768,26151.82293747933,716.1448143665621,2.7596515998713036,True,ConfidenceLevel.LOW
DYNAMIC,2026-01-27,13.0,25922.98199936134,25929.800732622305,25939.74427393451,9.943541312204616,0.03833322798866741,25442.76025192353,26175.939704096298,733.1794521727679,2.8282990444186984,True,ConfidenceLevel.LOW
DYNAMIC,2026-01-27,13.5,25957.02868160743,25975.95812399398,25939.74427393451,-36.21385005947013,0.13960758316287464,25554.6173854921,26181.69155699244,627.0741715003387,2.4158164603203196,True,ConfidenceLevel.LOW
DYNAMIC,2026-01-27,14.0,25946.52530882337,25960.84081996275,25939.74427393451,-21.096546028238663,0.08132904397765199,25651.105766584107,26101.745011008246,450.6392444241392,1.736799972483772,True,ConfidenceLevel.MEDIUM
DYNAMIC,2026-01-27,14.5,25955.88501831849,25975.256452990136,25939.74427393451,-35.51217905562589,0.13690257961143518,25638.315378918065,26033.085214175888,394.7698352578227,1.5209261212985494,True,ConfidenceLevel.MEDIUM
DYNAMIC,2026-01-27,15.0,25961.61815169046,25980.69842052479,25939.74427393451,-40.95414659028029,0.15788184400658478,25699.974597965247,26046.728267385293,346.7536694200462,1.3356396638838466,True,ConfidenceLevel.MEDIUM
DYNAMIC,2026-01-27,15.5,25964.85007729311,25976.549699372143,25939.74427393451,-36.80542543763295,0.14188815837562746,25538.495320549,26060.398597060004,521.903276511006,2.0100377046560456,True,ConfidenceLevel.LOW
DYNAMIC,2026-01-28,9.5,26123.23243335109,26170.363674888595,26022.79027959953,-147.57339528906596,0.5670928970470764,25520.059112033156,26607.197325358175,1087.138213325019,4.161576160602116,True,ConfidenceLevel.LOW
DYNAMIC,2026-01-28,10.0,26126.82994057879,26176.828373533524,26022.79027959953,-154.0380939339957,0.5919353469745068,25538.629967150304,26528.955571968287,990.3256048179828,3.790454513885981,True,ConfidenceLevel.LOW
DYNAMIC,2026-01-28,10.5,26070.13880068432,26120.380902127894,26022.79027959953,-97.5906225283652,0.3750198248527984,25602.37128894074,26625.069906032477,1022.6986170917371,3.9228736943467757,True,ConfidenceLevel.LOW
DYNAMIC,2026-01-28,11.0,26051.64067403631,26104.168048060517,26022.79027959953,-81.37776846098859,0.312717305049276,25496.399622541237,26509.58851295482,1013.1888904135812,3.8891557851991623,True,ConfidenceLevel.LOW
DYNAMIC,2026-01-28,11.5,26021.76269322467,26075.054823300517,26022.79027959953,-52.264543700988725,0.200841428376577,25558.45481208961,26529.483520967715,971.0287088781042,3.7316023527143014,True,ConfidenceLevel.LOW
DYNAMIC,2026-01-28,12.0,26006.79611426262,26067.00249921599,26022.79027959953,-44.21221961646006,0.1698980745009503,25473.54752259284,26400.983812894854,927.4362903020155,3.5661305076844583,True,ConfidenceLevel.LOW
DYNAMIC,2026-01-28,12.5,25985.52353373318,26056.477952598976,26022.79027959953,-33.687672999447386,0.12945449983454202,25361.357590699525,26382.255177298925,1020.8975865993998,3.928716638224043,True,ConfidenceLevel.LOW
DYNAMIC,2026-01-28,13.0,26020.20047508622,26070.68060329392,26022.79027959953,-47.890323694391554,0.18403223935572735,25394.73819538368,26346.78535688045,952.0471614967682,3.658877118984279,True,ConfidenceLevel.LOW
DYNAMIC,2026-01-28,13.5,26026.65738036344,26077.46455627294,26022.79027959953,-54.67427667340962,0.21010151519482262,25657.79883469539,26342.57000256869,684.7711678732994,2.6310377005613663,True,ConfidenceLevel.LOW
DYNAMIC,2026-01-28,14.0,26025.63543208506,26083.97883416997,26022.79027959953,-61.18855457044265,0.23513448755113397,25575.83910695536,26248.328635578477,672.4895286231149,2.5839504682911714,True,ConfidenceLevel.LOW
DYNAMIC,2026-01-28,14.5,26021.82156444399,26071.71267009871,26022.79027959953,-48.92239049918135,0.18799825066235834,25578.07016895345,26250.41863502379,672.3484660703398,2.5837870896364588,True,ConfidenceLevel.LOW
DYNAMIC,2026-01-28,15.0,26054.88729364629,26098.370189114463,26022.79027959953,-75.57990951493412,0.2904373770178854,25658.443638887606,26305.723877278087,647.2802383904818,2.484294908265931,True,ConfidenceLevel.LOW
DYNAMIC,2026-01-28,15.5,26026.59987644723,26061.271594501395,26022.79027959953,-38.481314901866426,0.14787543721640686,25745.771334921188,26255.380880334742,509.60954541355386,1.9580335035416014,True,ConfidenceLevel.MEDIUM
DYNAMIC,2026-01-29,9.5,25976.46091473121,26037.400966000194,25884.29557417993,-153.10539182026332,0.5914991635815997,25520.379832275466,26525.824961433176,1005.4451291577097,3.870600896935592,True,ConfidenceLevel.LOW
DYNAMIC,2026-01-29,10.0,25670.44816523967,25738.261286226163,25884.29557417993,146.0342879537675,0.5641810399485603,25383.17954864567,26167.854844105237,784.6752954595686,3.05672612495366,True,ConfidenceLevel.LOW
DYNAMIC,2026-01-29,10.5,25580.26529816828,25649.598949626645,25884.29557417993,234.6966245532858,0.906714358444431,25296.357028991457,26060.68559812963,764.3285691381716,2.9879618535187853,True,ConfidenceLevel.LOW
DYNAMIC,2026-01-29,11.0,25439.32324702247,25501.57703320955,25884.29557417993,382.7185409703816,1.4785742956518797,25058.55391325375,25905.476416598867,846.9225033451185,3.3291864532766056,True,ConfidenceLevel.LOW
DYNAMIC,2026-01-29,11.5,25566.75394996521,25620.8918195217,25884.29557417993,263.40375465822945,1.017619946053234,25109.342777709302,26011.80598482607,902.4632071167689,3.5298310019446055,True,ConfidenceLevel.LOW
DYNAMIC,2026-01-29,12.0,25624.46739294767,25679.689023506024,25884.29557417993,204.6065506739069,0.790465979989835,25187.51730450461,26014.064385263453,826.5470807588426,3.2256166268116218,True,ConfidenceLevel.LOW
DYNAMIC,2026-01-29,12.5,25730.6781054576,25774.092522249513,25884.29557417993,110.20305193041713,0.42575256342052725,25396.058002887446,26120.817294653323,724.7592917658767,2.8167127535288383,True,ConfidenceLevel.LOW
DYNAMIC,2026-01-29,13.0,25686.65046704964,25733.573966193315,25884.29557417993,150.7216079866157,0.5822897809008306,25281.031782401664,26004.409312030577,723.3775296289132,2.8161613775094905,True,ConfidenceLevel.LOW
DYNAMIC,2026-01-29,13.5,25720.87923941401,25761.750873129968,25884.29557417993,122.5447010499629,0.4734326290579201,25306.594650874526,25980.349690085575,673.7550392110497,2.6194868104609927,True,ConfidenceLevel.LOW
DYNAMIC,2026-01-29,14.0,25721.88860578659,25775.13584783658,25884.29557417993,109.15972634335048,0.42172183527466495,25333.826505898658,25915.84020478311,582.0136988844533,2.262717593581053,True,ConfidenceLevel.LOW
DYNAMIC,2026-01-29,14.5,25727.90356356451,25773.32512696236,25884.29557417993,110.97044721756902,0.4287172772368745,25463.58311366643,25940.347456149095,476.7643424826638,1.853102182635085,True,ConfidenceLevel.MEDIUM
DYNAMIC,2026-01-29,15.0,25732.67119534706,25787.17213554471,25884.29557417993,97.12343863521892,0.3752214865453065,25342.809300586563,25905.381515889843,562.5722153032802,2.186217711455481,True,ConfidenceLevel.LOW
DYNAMIC,2026-01-29,15.5,25750.06745498111,25791.5006219097,25884.29557417993,92.79495227022926,0.3584990443502506,25591.322171526743,25911.87687712614,320.5547055993957,1.2448693820310262,True,ConfidenceLevel.MEDIUM
DYNAMIC,2026-01-30,9.5,25776.97072611698,25784.394525602507,25552.38674697859,-232.00777862391624,0.907969110366372,25462.329839960952,26331.62191781687,869.2920778559164,3.372359332259155,True,ConfidenceLevel.LOW
DYNAMIC,2026-01-30,10.0,25701.85695422074,25764.123101671517,25552.38674697859,-211.7363546929264,0.8286363101402372,25314.82697184898,26283.99151166317,969.1645398141918,3.7707957893487394,True,ConfidenceLevel.LOW
DYNAMIC,2026-01-30,10.5,25688.68051190867,25750.331043816073,25552.38674697859,-197.9442968374824,0.7746606952905801,25426.25936110306,26209.298864632477,783.0395035294168,3.0481888829066874,True,ConfidenceLevel.LOW
DYNAMIC,2026-01-30,11.0,25720.86899526318,25750.39839774568,25552.38674697859,-198.01165076709003,0.7749242868300891,25364.614263625474,26299.178491451115,934.5642278256419,3.633486209185831,True,ConfidenceLevel.LOW
DYNAMIC,2026-01-30,11.5,25675.01943692229,25732.40183497159,25552.38674697859,-180.01508799300063,0.7044942211290156,25275.890109895005,26193.65795897133,917.7678490763246,3.5745556155510316,True,ConfidenceLevel.LOW
DYNAMIC,2026-01-30,12.0,25602.19283683421,25657.843738294414,25552.38674697859,-105.45699131582296,0.41270896672027163,25303.351723158583,26180.102184908337,876.7504617497543,3.4245131553277033,True,ConfidenceLevel.LOW
DYNAMIC,2026-01-30,12.5,25624.36680644408,25702.648469717296,25552.38674697859,-150.26172273870543,0.5880535709896961,25171.711040075486,26075.505369548006,903.7943294725192,3.5270894157089208,True,ConfidenceLevel.LOW
DYNAMIC,2026-01-30,13.0,25568.06661342683,25638.314030487752,25552.38674697859,-85.9272835091615,0.3362788938662329,25189.15189830134,25976.208224830072,787.056326528731,3.0782786138214133,True,ConfidenceLevel.LOW
DYNAMIC,2026-01-30,13.5,25491.09704436321,25565.65031614317,25552.38674697859,-13.263569164577348,0.05190735916732194,25016.092366434765,25840.34466065217,824.2522942174037,3.233490864606271,True,ConfidenceLevel.LOW
DYNAMIC,2026-01-30,14.0,25638.3345423111,25663.058317798797,25552.38674697859,-110.6715708202064,0.43311637349607907,25331.397424945964,25946.221431098405,614.8240061524411,2.3980653077827396,True,ConfidenceLevel.LOW
DYNAMIC,2026-01-30,14.5,25612.570319425,25671.82163463027,25552.38674697859,-119.43488765167785,0.46741186580467003,25232.60505269957,25857.174333334267,624.569280634696,2.4385263675040543,True,ConfidenceLevel.LOW
DYNAMIC,2026-01-30,15.0,25541.74543517057,25603.58247958947,25552.38674697859,-51.19573261087862,0.20035597111855782,25389.64976821825,25775.518526769345,385.8687585510961,1.5107376257057243,True,ConfidenceLevel.MEDIUM
DYNAMIC,2026-01-30,15.5,25507.37626748746,25580.03734578308,25552.38674697859,-27.650598804488254,0.10821141319707743,25317.37484601822,25778.897888525713,461.5230425074915,1.809370895962216,True,ConfidenceLevel.MEDIUM
DYNAMIC,2026-02-02,9.5,25523.07477411256,25527.983244038936,25738.61393708193,210.6306930429928,0.8183451275110609,25155.04756415768,26018.227002126412,863.1794379687308,3.381957094151653,True,ConfidenceLevel.LOW
DYNAMIC,2026-02-02,10.0,25682.27471261119,25711.573503863012,25738.61393708193,27.040433218917315,0.10505784532538419,25254.36752876077,26005.272891561403,750.9053628006332,2.923827313598136,True,ConfidenceLevel.LOW
DYNAMIC,2026-02-02,10.5,25760.05156922982,25781.486516887835,25738.61393708193,-42.87257980590584,0.16656910861908847,25386.74216755369,26044.971908138003,658.2297405843128,2.5552345608289193,True,ConfidenceLevel.LOW
DYNAMIC,2026-02-02,11.0,25705.47474949666,25738.747952134927,25738.61393708193,-0.13401505299771088,0.0005206770392737963,25424.29303153117,25974.005164107446,549.7121325762746,2.138502159299892,True,ConfidenceLevel.LOW
DYNAMIC,2026-02-02,11.5,25779.89836586355,25795.487042472632,25738.61393708193,-56.87310539070313,0.22096413400398912,25360.974200792643,25997.534418525032,636.560217732389,2.4692115100627787,True,ConfidenceLevel.LOW
DYNAMIC,2026-02-02,12.0,25804.34438139496,25824.31643217271,25738.61393708193,-85.70249509077985,0.3329724564822321,25352.30759365607,26017.278166136613,664.9705724805426,2.576971391530448,True,ConfidenceLevel.LOW
DYNAMIC,2026-02-02,12.5,25810.49789070106,25829.59090797719,25738.61393708193,-90.97697089526264,0.35346491896438537,25411.547211980524,26010.74718655156,599.1999745710382,2.3215359002699305,True,ConfidenceLevel.LOW
DYNAMIC,2026-02-02,13.0,25822.22313584143,25826.923845848254,25738.61393708193,-88.30990876632495,0.3431028142471021,25424.271889471027,25973.86581928815,549.5939298171215,2.1283757286346168,True,ConfidenceLevel.LOW
DYNAMIC,2026-02-02,13.5,25800.98270656217,25826.306821703998,25738.61393708193,-87.69288462206896,0.3407055439598819,25282.766436342354,25882.08378594604,599.317349603687,2.3228469877283313,True,ConfidenceLevel.LOW
DYNAMIC,2026-02-02,14.0,25829.07392725307,25839.583887158376,25738.61393708193,-100.96995007644728,0.3922897725699932,25497.98864361365,25887.576452648944,389.5878090352926,1.5083305353206111,True,ConfidenceLevel.MEDIUM
DYNAMIC,2026-02-02,14.5,25797.45469433533,25819.961932467835,25738.61393708193,-81.34799538590596,0.3160542971923866,25481.499531402802,25830.452555808104,348.95302440530213,1.3526645498167156,True,ConfidenceLevel.MEDIUM
DYNAMIC,2026-02-02,15.0,25757.96328771287,25787.13488824342,25738.61393708193,-48.52095116149212,0.18851423499377878,25492.011790942397,25824.30243653792,332.29064559552353,1.290050156077494,True,ConfidenceLevel.MEDIUM
DYNAMIC,2026-02-02,15.5,25746.22063050003,25767.12297061666,25738.61393708193,-28.509033534730406,0.11076367050852377,25577.621101957928,25843.000554253274,265.3794522953467,1.030751099759346,True,ConfidenceLevel.MEDIUM
DYNAMIC,2026-02-03,9.5,25764.38638710795,25790.788917694736,25338.62056521204,-452.1683524826949,1.7845026382512983,25380.23306922671,26137.673102259578,757.4400330328681,2.9398722005344475,False,ConfidenceLevel.LOW
DYNAMIC,2026-02-03,10.0,25511.78137951527,25566.74900749363,25338.62056521204,-228.12844228158792,0.9003191065372775,25228.31090734051,25870.54240136162,642.2314940211108,2.5173918060335523,True,ConfidenceLevel.LOW
DYNAMIC,2026-02-03,10.5,25398.76699400791,25474.618502809793,25338.62056521204,-135.99793759775275,0.5367219468311049,25053.07258050449,25730.17402872446,677.1014482199716,2.665883144562544,True,ConfidenceLevel.LOW
DYNAMIC,2026-02-03,11.0,25462.83623259786,25524.292480336873,25338.62056521204,-185.6719151248326,0.7327625221230303,25209.210230345736,25722.362026310137,513.1517959644007,2.015297083470446,True,ConfidenceLevel.LOW
DYNAMIC,2026-02-03,11.5,25407.17962038436,25499.571541200505,25338.62056521204,-160.95097598846405,0.6352002295240857,24987.454867711884,25657.3926767039,669.9378089920174,2.636805103918428,True,ConfidenceLevel.LOW
DYNAMIC,2026-02-03,12.0,25383.64695264925,25437.541202247136,25338.62056521204,-98.92063703509484,0.3903947208985212,25014.94599883627,25761.40568359361,746.4596847573412,2.9407109472874007,True,ConfidenceLevel.LOW
DYNAMIC,2026-02-03,12.5,25275.11448353917,25338.879818327085,25338.62056521204,-0.2592531150439754,0.0010231540204675143,25012.61127052288,25589.28660510817,576.6753345852885,2.2815933631511647,True,ConfidenceLevel.LOW
DYNAMIC,2026-02-03,13.0,25263.63446550207,25324.23377721913,25338.62056521204,14.386787992909376,0.056778102643288,24962.960782405997,25531.71910248378,568.7583200777844,2.2512925480078243,True,ConfidenceLevel.LOW
DYNAMIC,2026-02-03,13.5,25202.98150547376,25274.552037773294,25338.62056521204,64.06852743874697,0.2528493106949479,24700.301938288856,25460.68315634389,760.381218055034,3.017028830060797,True,ConfidenceLevel.LOW
DYNAMIC,2026-02-03,14.0,25122.0485791295,25145.776585047493,25338.62056521204,192.84398016454725,0.7610673977623985,24876.29735265845,25496.342402254973,620.0450495965233,2.4681309234933755,True,ConfidenceLevel.LOW
DYNAMIC,2026-02-03,14.5,25167.58927833463,25220.259266420166,25338.62056521204,118.36129879187502,0.46711816251898064,24866.170705271594,25437.335700443582,571.1649951719883,2.2694465840781666,True,ConfidenceLevel.LOW
DYNAMIC,2026-02-03,15.0,25184.87966425092,25238.671954285277,25338.62056521204,99.94861092676365,0.39445166586528924,25042.395994299448,25393.98060852008,351.5846142206319,1.3960146679584668,True,ConfidenceLevel.MEDIUM
DYNAMIC,2026-02-03,15.5,25289.96860539483,25363.121277943366,25338.62056521204,-24.50071273132562,0.09669315923599724,25111.6613892709,25413.045606488147,301.3842172172481,1.1917144774665995,True,ConfidenceLevel.MEDIUM
DYNAMIC,2026-02-04,9.5,25181.00255721717,25240.022377089343,24891.23845053545,-348.78392655389325,1.4012317114996355,24768.95709262165,25725.679901198087,956.7228085764364,3.799383310503769,True,ConfidenceLevel.LOW
DYNAMIC,2026-02-04,10.0,25030.67766086604,25086.497481734135,24891.23845053545,-195.259031198686,0.7844488396457657,24803.702025081056,25578.776172226157,775.0741471451001,3.0964968573618843,True,ConfidenceLevel.LOW
DYNAMIC,2026-02-04,10.5,25067.62413792594,25133.837014712262,24891.23845053545,-242.59856417681294,0.9746343664615622,24752.15380758463,25570.155939458582,818.0021318739527,3.263181733431053,True,ConfidenceLevel.LOW
DYNAMIC,2026-02-04,11.0,24966.08997618712,25027.772245143027,24891.23845053545,-136.53379460757787,0.5485215003620715,24760.499000282885,25509.003831640908,748.5048313580228,2.998085932046041,True,ConfidenceLevel.LOW
DYNAMIC,2026-02-04,11.5,24961.46715519994,25020.42481253997,24891.23845053545,-129.18636200452238,0.5190033523693288,24733.104329284797,25521.672214826613,788.5678855418155,3.159140769406024,True,ConfidenceLevel.LOW
DYNAMIC,2026-02-04,12.0,24941.07102819752,25014.94153450706,24891.23845053545,-123.70308397160989,0.4969744041359615,24599.62520070971,25329.923872111125,730.298671401415,2.928096674660701,True,ConfidenceLevel.LOW
DYNAMIC,2026-02-04,12.5,24781.55924352166,24836.481890878884,24891.23845053545,54.756559656565514,0.2199832674673028,24552.08784219298,25254.173288291295,702.0854460983137,2.8330963326363383,True,ConfidenceLevel.LOW
DYNAMIC,2026-02-04,13.0,24755.33475587612,24820.657571062337,24891.23845053545,70.58087947311287,0.28355712237208736,24414.718629838404,25118.707870835457,703.9892409970525,2.843788007471594,True,ConfidenceLevel.LOW
DYNAMIC,2026-02-04,13.5,24769.50519241824,24851.248015522644,24891.23845053545,39.99043501280539,0.16066068826697988,24429.28223735166,25127.77098213568,698.4887447840192,2.819954372757601,True,ConfidenceLevel.LOW
DYNAMIC,2026-02-04,14.0,24801.5412615343,24878.005205439393,24891.23845053545,13.233245096056635,0.05316426951738099,24511.756985582935,25057.99825751083,546.2412719278946,2.2024488968961053,True,ConfidenceLevel.LOW
DYNAMIC,2026-02-04,14.5,24903.09894170119,24978.394729993037,24891.23845053545,-87.15627945758752,0.35014842524122236,24518.52469723901,25096.706559395298,578.1818621562888,2.321726559051256,True,ConfidenceLevel.LOW
DYNAMIC,2026-02-04,15.0,24964.84111406245,25037.208054112012,24891.23845053545,-145.9696035765628,0.5864296542200486,24723.87467018914,25089.556455718925,365.681785529785,1.4647871534972439,True,ConfidenceLevel.MEDIUM
DYNAMIC,2026-02-04,15.5,24964.57849161076,25024.50424041276,24891.23845053545,-133.26578987731045,0.535392363630841,24810.06327729227,25096.93452635213,286.87124905986275,1.1491131290530885,True,ConfidenceLevel.MEDIUM
DYNAMIC,2026-02-05,9.5,24699.9856542736,24763.6271221911,24548.69024491809,-214.93687727301221,0.8755533396226997,24329.320729618154,25198.88336733974,869.5626377215849,3.5204985536950417,True,ConfidenceLevel.LOW
DYNAMIC,2026-02-05,10.0,24593.2368720177,24665.201973265546,24548.69024491809,-116.51172834745739,0.4746148457821569,24299.460959561904,25188.365292557777,888.9043329958731,3.6144259400326137,True,ConfidenceLevel.LOW
DYNAMIC,2026-02-05,10.5,24469.16705079015,24511.80654346625,24548.69024491809,36.88370145183944,0.15024712554460973,24312.33449208457,25210.997398162657,898.662906078087,3.6726338261239158,True,ConfidenceLevel.LOW
DYNAMIC,2026-02-05,11.0,24494.2409745189,24523.634505923263,24548.69024491809,25.055738994826243,0.1020654818845707,24331.1347089038,25232.55612057361,901.4214116698095,3.680136129172358,True,ConfidenceLevel.LOW
DYNAMIC,2026-02-05,11.5,24717.54792720327,24754.590555271883,24548.69024491809,-205.90031035379434,0.8387425491933057,24252.45965865942,25291.191992735916,1038.732334076496,4.202408495922459,True,ConfidenceLevel.LOW
DYNAMIC,2026-02-05,12.0,24662.17184981011,24717.12918256498,24548.69024491809,-168.43893764688983,0.686142258370623,24237.56807548349,25215.224106405763,977.6560309222732,3.9641927599730056,True,ConfidenceLevel.LOW
DYNAMIC,2026-02-05,12.5,24708.72627272932,24740.832468038323,24548.69024491809,-192.14222312023412,0.7826984706852544,24257.366097555638,25189.781930909383,932.4158333537453,3.773629700948364,True,ConfidenceLevel.LOW
DYNAMIC,2026-02-05,13.0,24702.11486829556,24745.350929844433,24548.69024491809,-196.6606849263444,0.8011045924010378,24399.3037389817,25228.94696971947,829.643230737769,3.358591906649223,True,ConfidenceLevel.LOW
DYNAMIC,2026-02-05,13.5,24645.64878670715,24689.19274703082,24548.69024491809,-140.50250211272942,0.5723421523142781,24367.992249991126,25126.936024977775,758.9437749866484,3.0794229908688444,True,ConfidenceLevel.LOW
DYNAMIC,2026-02-05,14.0,24629.40101195518,24667.926514394025,24548.69024491809,-119.23626947593584,0.48571336509742863,24327.880361495212,25095.45930758073,767.5789460855194,3.116514874693601,True,ConfidenceLevel.LOW
DYNAMIC,2026-02-05,14.5,24620.51249805185,24657.573836699346,24548.69024491809,-108.88359178125756,0.44354134862163547,24379.637975215333,25127.94531619107,748.307340975738,3.0393654114021773,True,ConfidenceLevel.LOW
DYNAMIC,2026-02-05,15.0,24635.90646139274,24685.11865229768,24548.69024491809,-136.42840737958977,0.5557461763477678,24348.333626615113,25077.825043554934,729.4914169398216,2.9610902204187917,True,ConfidenceLevel.LOW
DYNAMIC,2026-02-05,15.5,24528.38697470779,24583.14031369215,24548.69024491809,-34.45006877406195,0.14033363259041315,24294.323368317444,24979.44178155242,685.1184132349772,2.7931653799388867,True,ConfidenceLevel.LOW
DYNAMIC,2026-02-06,9.5,24766.9194227574,24802.054764712637,25075.77232205038,273.7175573377426,1.0915618223931995,24425.071317796697,25278.6643875207,853.5930697240037,3.4465048121393282,True,ConfidenceLevel.LOW
DYNAMIC,2026-02-06,10.0,24709.70148314662,24766.47343482588,25075.77232205038,309.2988872245005,1.2334570726362775,24157.954184995582,25224.403319109428,1066.4491341138455,4.315912658197116,True,ConfidenceLevel.LOW
DYNAMIC,2026-02-06,10.5,24835.43665660915,24874.81676486142,25075.77232205038,200.95555718895775,0.8013932915328293,24496.062840069386,25299.11948402917,803.0566439597824,3.2335112728773976,True,ConfidenceLevel.LOW
DYNAMIC,2026-02-06,11.0,24862.91446652086,24854.424683015182,25075.77232205038,221.34763903519706,0.8827151411027727,24481.92731702777,25247.86800937111,765.940692343338,3.080655300386103,True,ConfidenceLevel.LOW
DYNAMIC,2026-02-06,11.5,24943.845721983,24956.706587605175,25075.77232205038,119.06573444520473,0.4748237977121218,24412.32352650835,25142.463829375516,730.1403028671666,2.9271360599528333,True,ConfidenceLevel.LOW
DYNAMIC,2026-02-06,12.0,24934.49539154167,24932.81433959572,25075.77232205038,142.95798245465994,0.5701040056459192,24512.771154919898,25142.750360375336,629.9792054554382,2.5265368140120494,True,ConfidenceLevel.LOW
DYNAMIC,2026-02-06,12.5,25001.44849941719,24993.052576940514,25075.77232205038,82.71974510986547,0.3298791520655412,24616.04962163059,25172.19872848327,556.1491068526775,2.224467541813195,True,ConfidenceLevel.LOW
DYNAMIC,2026-02-06,13.0,25032.92021861449,25041.379765054848,25075.77232205038,34.39255699553178,0.13715452730159255,24467.15763747036,25186.33283563188,719.1751981615198,2.8729177094837732,True,ConfidenceLevel.LOW
DYNAMIC,2026-02-06,13.5,24994.44224401129,24975.038761922762,25075.77232205038,100.73356012761724,0.40171668028361057,24683.771122273392,25167.430170447526,483.6590481741332,1.9350663777665162,True,ConfidenceLevel.MEDIUM
DYNAMIC,2026-02-06,14.0,25007.24047275718,24994.40702458654,25075.77232205038,81.36529746383894,0.32447773260523016,24604.00154181743,25191.190872428688,587.1893306112579,2.3480772748634156,True,ConfidenceLevel.LOW
DYNAMIC,2026-02-06,14.5,25006.07494385242,24986.16598977572,25075.77232205038,89.60633227465951,0.3573422629773368,24609.55384283208,25098.845169443375,489.2913266112955,1.9566898352097617,True,ConfidenceLevel.MEDIUM
DYNAMIC,2026-02-06,15.0,24995.34448130163,24996.28835565409,25075.77232205038,79.48396639628845,0.3169751478657119,24516.153094078607,25014.971775222693,498.81868114408644,1.9956463553332495,False,ConfidenceLevel.MEDIUM
DYNAMIC,2026-02-06,15.5,25018.27278168835,24968.520308279058,25075.77232205038,107.2520137713218,0.42771170671784153,24736.005562658578,25102.366192361067,366.36062970248895,1.4643721926744666,True,ConfidenceLevel.MEDIUM
