position_size,max_positions,positions_per_day,expected_daily_pnl,daily_return_pct,annual_return_pct,max_drawdown,max_drawdown_pct,sharpe_ratio,capital_utilization,config,capital,method,kelly_fraction,kelly_f,fractional_kelly,risk_pct,contracts
1000.0,25.0,25.0,160.31194730421686,0.6412477892168674,160.31194730421686,298.0658900602412,1.1922635602409648,31.61291371337963,100.0,DTE1_p99_w25_neutral,25000,fixed,,,,,
24.08613253012048,1037.0,207.5,1305.84969375,5.223398775,1305.84969375,12500.0,50.0,31.62156578941524,19.99149,DTE1_p99_w25_neutral,25000,kelly,0.25,0.9714106230510621,0.24285265576276552,,
24.08613253012048,1037.0,207.5,1305.84969375,5.223398775,1305.84969375,12500.0,50.0,31.62156578941524,19.99149,DTE1_p99_w25_neutral,25000,kelly,0.5,0.9714106230510621,0.48570531152553104,,
493.76571686746985,50.0,50.0,12901.165649096385,51.604662596385545,12901.165649096385,12500.0,50.0,31.62265404385661,98.75314337349397,DTE1_p99_w25_neutral,25000,risk_based,,,,2.0,41.0
746.6701084337349,33.0,33.0,12875.992642951807,51.50397057180724,12875.992642951805,12500.0,50.0,31.622653804251858,98.560454313253,DTE1_p99_w25_neutral,25000,risk_based,,,,3.0,62.0
1000.0,50.0,50.0,320.6238946084337,0.6412477892168674,160.31194730421686,596.1317801204824,1.1922635602409648,31.61291371337963,100.0,DTE1_p99_w25_neutral,50000,fixed,,,,,
24.08613253012048,2075.0,207.5,1305.84969375,2.6116993875,652.924846875,25000.0,50.0,31.620354977146683,9.995745,DTE1_p99_w25_neutral,50000,kelly,0.25,0.9714106230510621,0.24285265576276552,,
24.08613253012048,2075.0,207.5,1305.84969375,2.6116993875,652.924846875,25000.0,50.0,31.620354977146683,9.995745,DTE1_p99_w25_neutral,50000,kelly,0.5,0.9714106230510621,0.48570531152553104,,
999.5745,50.0,50.0,26116.993875,52.23398775,13058.496937499998,25000.0,50.0,31.622655520456938,99.95745,DTE1_p99_w25_neutral,50000,risk_based,,,,2.0,83.0
1493.3402168674697,33.0,33.0,25751.985285903615,51.50397057180724,12875.992642951805,25000.0,50.0,31.622653804251858,98.560454313253,DTE1_p99_w25_neutral,50000,risk_based,,,,3.0,124.0
1000.0,100.0,100.0,641.2477892168674,0.6412477892168674,160.31194730421686,1192.2635602409648,1.1922635602409648,31.61291371337963,100.0,DTE1_p99_w25_neutral,100000,fixed,,,,,
24.08613253012048,4151.0,207.5,1305.84969375,1.30584969375,326.4624234375,50000.0,50.0,31.617933352609565,4.9978725,DTE1_p99_w25_neutral,100000,kelly,0.25,0.9714106230510621,0.24285265576276552,,
24.08613253012048,4151.0,207.5,1305.84969375,1.30584969375,326.4624234375,50000.0,50.0,31.617933352609565,4.9978725,DTE1_p99_w25_neutral,100000,kelly,0.5,0.9714106230510621,0.48570531152553104,,
1999.149,50.0,50.0,52233.98775,52.23398775,13058.496937499998,50000.0,50.0,31.622655520456938,99.95745,DTE1_p99_w25_neutral,100000,risk_based,,,,2.0,166.0
2998.7234999999996,33.0,33.0,51711.6478725,51.7116478725,12927.911968125,50000.0,50.0,31.622654297414243,98.95787549999999,DTE1_p99_w25_neutral,100000,risk_based,,,,3.0,249.0
1000.0,250.0,207.5,1330.5891626250002,0.5322356650500001,133.05891626250002,2473.946887500002,0.9895787550000009,31.610893603726968,83.0,DTE1_p99_w25_neutral,250000,fixed,,,,,
24.08613253012048,10379.0,207.5,1305.84969375,0.5223398775,130.584969375,125000.0,50.0,31.610668478998214,1.9991489999999996,DTE1_p99_w25_neutral,250000,kelly,0.25,0.9714106230510621,0.24285265576276552,,
24.08613253012048,10379.0,207.5,1305.84969375,0.5223398775,130.584969375,125000.0,50.0,31.610668478998214,1.9991489999999996,DTE1_p99_w25_neutral,250000,kelly,0.5,0.9714106230510621,0.48570531152553104,,
4997.8724999999995,50.0,50.0,130584.969375,52.23398775,13058.496937499998,125000.0,50.0,31.622655520456938,99.95745,DTE1_p99_w25_neutral,250000,risk_based,,,,2.0,415.0
7490.787216867469,33.0,33.0,129175.28103090361,51.67011241236145,12917.528103090362,125000.0,50.0,31.622654199098918,98.8783912626506,DTE1_p99_w25_neutral,250000,risk_based,,,,3.0,622.0
1000.0,500.0,207.5,1330.5891626250002,0.26611783252500004,66.52945813125001,2473.946887500002,0.49478937750000046,31.59901060577015,41.5,DTE1_p99_w25_neutral,500000,fixed,,,,,
24.08613253012048,20758.0,207.5,1305.84969375,0.26116993875,65.2924846875,247394.68874999997,49.47893774999999,31.598560356312646,0.9995744999999998,DTE1_p99_w25_neutral,500000,kelly,0.25,0.9714106230510621,0.24285265576276552,,
24.08613253012048,20758.0,207.5,1305.84969375,0.26116993875,65.2924846875,247394.68874999997,49.47893774999999,31.598560356312646,0.9995744999999998,DTE1_p99_w25_neutral,500000,kelly,0.5,0.9714106230510621,0.48570531152553104,,
9995.744999999999,50.0,50.0,261169.93875,52.23398775,13058.496937499998,250000.0,50.0,31.622655520456938,99.95745,DTE1_p99_w25_neutral,500000,risk_based,,,,2.0,830.0
14993.617499999998,33.0,33.0,258558.2393625,51.7116478725,12927.911968125,250000.0,50.0,31.622654297414243,98.95787549999999,DTE1_p99_w25_neutral,500000,risk_based,,,,3.0,1245.0
1000.0,25.0,25.0,149.8961496740045,0.599584598696018,149.89614967400448,322.0665164049358,1.288266065619743,31.612228373236807,100.0,DTE1_p100_w25_neutral,25000,fixed,,,,,
25.89479528883903,965.0,198.11111111111111,1175.0827194444446,4.700330877777778,1175.0827194444446,12500.0,50.0,31.621431046342106,20.520186666666664,DTE1_p100_w25_neutral,25000,kelly,0.25,0.9842575916283965,0.24606439790709914,,
25.89479528883903,965.0,198.11111111111111,1175.0827194444446,4.700330877777778,1175.0827194444446,12500.0,50.0,31.621431046342106,20.520186666666664,DTE1_p100_w25_neutral,25000,kelly,0.5,0.9842575916283965,0.49212879581419827,,
492.0011104879416,50.0,50.0,11269.722098990467,45.07888839596187,11269.722098990467,12500.0,50.0,31.622636301966004,98.40022209758833,DTE1_p100_w25_neutral,25000,risk_based,,,,2.0,38.0
738.0016657319123,33.0,33.0,11157.024878000562,44.62809951200225,11157.024878000562,12500.0,50.0,31.622634884797137,97.41621987661243,DTE1_p100_w25_neutral,25000,risk_based,,,,3.0,57.0
1000.0,50.0,50.0,299.792299348009,0.599584598696018,149.89614967400448,644.1330328098716,1.288266065619743,31.612228373236807,100.0,DTE1_p100_w25_neutral,50000,fixed,,,,,
25.89479528883903,1930.0,198.11111111111111,1175.0827194444446,2.350165438888889,587.5413597222223,25000.0,50.0,31.62008549100041,10.260093333333332,DTE1_p100_w25_neutral,50000,kelly,0.25,0.9842575916283965,0.24606439790709914,,
25.89479528883903,1930.0,198.11111111111111,1175.0827194444446,2.350165438888889,587.5413597222223,25000.0,50.0,31.62008549100041,10.260093333333332,DTE1_p100_w25_neutral,50000,kelly,0.5,0.9842575916283965,0.49212879581419827,,
996.9496186203027,50.0,50.0,22836.015832164896,45.67203166432979,11418.007916082448,25000.0,50.0,31.622638124040257,99.69496186203027,DTE1_p100_w25_neutral,50000,risk_based,,,,2.0,77.0
1488.9507291082443,33.0,33.0,22509.787034562538,45.01957406912507,11254.893517281269,25000.0,50.0,31.622636117117896,98.27074812114411,DTE1_p100_w25_neutral,50000,risk_based,,,,3.0,115.0
1000.0,100.0,100.0,599.584598696018,0.599584598696018,149.89614967400448,1288.2660656197431,1.288266065619743,31.612228373236807,100.0,DTE1_p100_w25_neutral,100000,fixed,,,,,
25.89479528883903,3861.0,198.11111111111111,1175.0827194444446,1.1750827194444444,293.77067986111115,50000.0,50.0,31.617394380317013,5.130046666666666,DTE1_p100_w25_neutral,100000,kelly,0.25,0.9842575916283965,0.24606439790709914,,
25.89479528883903,3861.0,198.11111111111111,1175.0827194444446,1.1750827194444444,293.77067986111115,50000.0,50.0,31.617394380317013,5.130046666666666,DTE1_p100_w25_neutral,100000,kelly,0.5,0.9842575916283965,0.49212879581419827,,
1993.8992372406053,50.0,50.0,45672.03166432979,45.67203166432979,11418.007916082448,50000.0,50.0,31.622638124040257,99.69496186203027,DTE1_p100_w25_neutral,100000,risk_based,,,,2.0,154.0
2990.8488558609083,33.0,33.0,45215.31134768649,45.21531134768649,11303.827836921622,50000.0,50.0,31.622636725276188,98.69801224340998,DTE1_p100_w25_neutral,100000,risk_based,,,,3.0,231.0
1000.0,250.0,198.11111111111111,1187.8437105277778,0.47513748421111107,118.7843710527778,2552.1982166666685,1.0208792866666674,31.60946560111975,79.24444444444445,DTE1_p100_w25_neutral,250000,fixed,,,,,
25.89479528883903,9654.0,198.11111111111111,1175.0827194444446,0.47003308777777786,117.50827194444446,125000.0,50.0,31.609321048266825,2.0520186666666667,DTE1_p100_w25_neutral,250000,kelly,0.25,0.9842575916283965,0.24606439790709914,,
25.89479528883903,9654.0,198.11111111111111,1175.0827194444446,0.47003308777777786,117.50827194444446,125000.0,50.0,31.609321048266825,2.0520186666666667,DTE1_p100_w25_neutral,250000,kelly,0.5,0.9842575916283965,0.49212879581419827,,
4997.695490745933,50.0,50.0,114476.65079500843,45.790660318003376,11447.665079500845,125000.0,50.0,31.622638482790634,99.95390981491866,DTE1_p100_w25_neutral,250000,risk_based,,,,2.0,386.0
7496.5432361189,33.0,33.0,113331.88428705835,45.33275371482334,11333.188428705836,125000.0,50.0,31.6226370876503,98.95437071676947,DTE1_p100_w25_neutral,250000,risk_based,,,,3.0,579.0
1000.0,500.0,198.11111111111111,1187.8437105277778,0.23756874210555554,59.3921855263889,2552.1982166666685,0.5104396433333337,31.5961546005557,39.62222222222223,DTE1_p100_w25_neutral,500000,fixed,,,,,
25.89479528883903,19308.0,198.11111111111111,1175.0827194444446,0.23501654388888893,58.75413597222223,250000.0,50.0,31.595865494849857,1.0260093333333333,DTE1_p100_w25_neutral,500000,kelly,0.25,0.9842575916283965,0.24606439790709914,,
25.89479528883903,19308.0,198.11111111111111,1175.0827194444446,0.23501654388888893,58.75413597222223,250000.0,50.0,31.595865494849857,1.0260093333333333,DTE1_p100_w25_neutral,500000,kelly,0.5,0.9842575916283965,0.49212879581419827,,
9995.390981491866,50.0,50.0,228953.30159001687,45.790660318003376,11447.665079500845,250000.0,50.0,31.622638482790634,99.95390981491866,DTE1_p100_w25_neutral,500000,risk_based,,,,2.0,772.0
14993.0864722378,33.0,33.0,226663.7685741167,45.33275371482334,11333.188428705836,250000.0,50.0,31.6226370876503,98.95437071676947,DTE1_p100_w25_neutral,500000,risk_based,,,,3.0,1158.0
1000.0,25.0,25.0,468.6072675755517,1.8744290703022068,468.60726757555165,1430.257792258066,5.721031169032264,31.619402478106352,100.0,DTE1_p95_w100_neutral,25000,fixed,,,,,
120.44276145331071,207.0,207.0,3287.9414495307283,13.151765798122913,3287.941449530728,12500.0,50.0,31.622295711481105,99.72660648334126,DTE1_p95_w100_neutral,25000,kelly,0.25,0.7986086701178959,0.19965216752947398,,
120.44276145331071,207.0,207.0,3287.9414495307283,13.151765798122913,3287.941449530728,12500.0,50.0,31.622295711481105,99.72660648334126,DTE1_p95_w100_neutral,25000,kelly,0.5,0.7986086701178959,0.39930433505894797,,
481.77104581324284,51.0,51.0,6480.580248350421,25.922320993401687,6480.580248350421,12500.0,50.0,31.622532620625073,98.28129334590153,DTE1_p95_w100_neutral,25000,risk_based,,,,2.0,8.0
722.6565687198643,34.0,34.0,6480.580248350421,25.922320993401687,6480.580248350421,12500.0,50.0,31.622532620625073,98.28129334590153,DTE1_p95_w100_neutral,25000,risk_based,,,,3.0,12.0
1000.0,50.0,50.0,937.2145351511034,1.8744290703022068,468.60726757555165,2860.515584516132,5.721031169032264,31.619402478106352,100.0,DTE1_p95_w100_neutral,50000,fixed,,,,,
120.44276145331071,415.0,415.0,6591.766674179962,13.183533348359925,3295.883337089981,25000.0,50.0,31.622296870252676,99.9674920062479,DTE1_p95_w100_neutral,50000,kelly,0.25,0.7986086701178959,0.19965216752947398,,
120.44276145331071,415.0,415.0,6591.766674179962,13.183533348359925,3295.883337089981,25000.0,50.0,31.622296870252676,99.9674920062479,DTE1_p95_w100_neutral,50000,kelly,0.5,0.7986086701178959,0.39930433505894797,,
963.5420916264857,51.0,51.0,12961.160496700842,25.922320993401687,6480.580248350421,25000.0,50.0,31.622532620625073,98.28129334590153,DTE1_p95_w100_neutral,50000,risk_based,,,,2.0,16.0
1445.3131374397285,34.0,34.0,12961.160496700842,25.922320993401687,6480.580248350421,25000.0,50.0,31.622532620625073,98.28129334590153,DTE1_p95_w100_neutral,50000,risk_based,,,,3.0,24.0
1000.0,100.0,100.0,1874.4290703022068,1.8744290703022068,468.60726757555165,5721.031169032264,5.721031169032264,31.619402478106352,100.0,DTE1_p95_w100_neutral,100000,fixed,,,,,
120.44276145331071,830.0,830.0,13183.533348359924,13.183533348359925,3295.883337089981,50000.0,50.0,31.622296870252676,99.9674920062479,DTE1_p95_w100_neutral,100000,kelly,0.25,0.7986086701178959,0.19965216752947398,,
120.44276145331071,830.0,830.0,13183.533348359924,13.183533348359925,3295.883337089981,50000.0,50.0,31.622296870252676,99.9674920062479,DTE1_p95_w100_neutral,100000,kelly,0.5,0.7986086701178959,0.39930433505894797,,
1987.3055639796266,50.0,50.0,26208.228945534793,26.208228945534795,6552.057236383697,50000.0,50.0,31.622535282236623,99.36527819898133,DTE1_p95_w100_neutral,100000,risk_based,,,,2.0,33.0
2950.8476556061123,33.0,33.0,25684.064366624094,25.684064366624092,6421.016091656024,50000.0,50.0,31.62253035734996,97.3779726350017,DTE1_p95_w100_neutral,100000,risk_based,,,,3.0,49.0
1000.0,250.0,250.0,4686.072675755517,1.8744290703022068,468.60726757555165,14302.577922580658,5.721031169032263,31.619402478106352,100.0,DTE1_p95_w100_neutral,250000,fixed,,,,,
120.44276145331071,2075.0,2075.0,32958.83337089981,13.183533348359925,3295.883337089981,125000.0,50.0,31.622296870252676,99.96749200624788,DTE1_p95_w100_neutral,250000,kelly,0.25,0.7986086701178959,0.19965216752947398,,
120.44276145331071,2075.0,2075.0,32958.83337089981,13.183533348359925,3295.883337089981,125000.0,50.0,31.622296870252676,99.96749200624788,DTE1_p95_w100_neutral,250000,kelly,0.5,0.7986086701178959,0.39930433505894797,,
4998.374600312394,50.0,50.0,65917.66674179962,26.36706669671985,6591.766674179962,125000.0,50.0,31.622536735968236,99.96749200624788,DTE1_p95_w100_neutral,250000,risk_based,,,,2.0,83.0
7467.451210105264,33.0,33.0,64996.40778492628,25.998563113970512,6499.640778492628,125000.0,50.0,31.622533336112053,98.5703559733895,DTE1_p95_w100_neutral,250000,risk_based,,,,3.0,124.0
1000.0,500.0,500.0,9372.145351511033,1.8744290703022068,468.60726757555165,28605.155845161316,5.721031169032263,31.619402478106352,100.0,DTE1_p95_w100_neutral,500000,fixed,,,,,
120.44276145331071,4151.0,4151.0,65933.55051691813,13.186710103383625,3296.6775258459065,250000.0,50.0,31.622296985822768,99.99158055853854,DTE1_p95_w100_neutral,500000,kelly,0.25,0.7986086701178959,0.19965216752947398,,
120.44276145331071,4151.0,4151.0,65933.55051691813,13.186710103383625,3296.6775258459065,250000.0,50.0,31.622296985822768,99.99158055853854,DTE1_p95_w100_neutral,500000,kelly,0.5,0.7986086701178959,0.39930433505894797,,
9996.749200624789,50.0,50.0,131835.33348359924,26.36706669671985,6591.766674179962,250000.0,50.0,31.622536735968236,99.96749200624788,DTE1_p95_w100_neutral,500000,risk_based,,,,2.0,166.0
14995.123800937183,33.0,33.0,130516.98014876326,26.103396029752652,6525.849007438164,250000.0,50.0,31.622534313082227,98.9678170861854,DTE1_p95_w100_neutral,500000,risk_based,,,,3.0,249.0
1000.0,25.0,25.0,162.15471800690676,0.648618872027627,162.15471800690676,287.9554982733105,1.151821993093242,31.61302579794821,100.0,DTE1_p98_w25_neutral,25000,fixed,,,,,
23.506571287617167,1063.0,225.22222222222223,1408.9506555555556,5.635802622222222,1408.9506555555556,12500.0,50.0,31.621654391460286,21.17680888888889,DTE1_p98_w25_neutral,25000,kelly,0.25,0.9445095822925624,0.2361273955731406,,
23.506571287617167,1063.0,225.22222222222223,1408.9506555555556,5.635802622222222,1408.9506555555556,12500.0,50.0,31.621654391460286,21.17680888888889,DTE1_p98_w25_neutral,25000,kelly,0.5,0.9445095822925624,0.4722547911462812,,
493.6379970399605,50.0,50.0,13137.231075481006,52.548924301924025,13137.231075481006,12500.0,50.0,31.622656246121732,98.7275994079921,DTE1_p98_w25_neutral,25000,risk_based,,,,2.0,42.0
740.4569955599408,33.0,33.0,13005.858764726196,52.02343505890479,13005.858764726196,12500.0,50.0,31.62265503040898,97.74032341391218,DTE1_p98_w25_neutral,25000,risk_based,,,,3.0,63.0
1000.0,50.0,50.0,324.3094360138135,0.648618872027627,162.15471800690676,575.910996546621,1.151821993093242,31.61302579794821,100.0,DTE1_p98_w25_neutral,50000,fixed,,,,,
23.506571287617167,2127.0,225.22222222222223,1408.9506555555556,2.817901311111111,704.4753277777778,25000.0,50.0,31.62053218123678,10.588404444444445,DTE1_p98_w25_neutral,50000,kelly,0.25,0.9445095822925624,0.2361273955731406,,
23.506571287617167,2127.0,225.22222222222223,1408.9506555555556,2.817901311111111,704.4753277777778,25000.0,50.0,31.62053218123678,10.588404444444445,DTE1_p98_w25_neutral,50000,kelly,0.5,0.9445095822925624,0.4722547911462812,,
999.0292797237296,50.0,50.0,26587.253367044894,53.17450673408979,13293.626683522447,25000.0,50.0,31.622657662069518,99.90292797237295,DTE1_p98_w25_neutral,50000,risk_based,,,,2.0,85.0
1492.66727676369,33.0,33.0,26218.15973206709,52.436319464134186,13109.079866033548,25000.0,50.0,31.622655987663116,98.51604026640355,DTE1_p98_w25_neutral,50000,risk_based,,,,3.0,127.0
1000.0,100.0,100.0,648.618872027627,0.648618872027627,162.15471800690676,1151.821993093242,1.151821993093242,31.61302579794821,100.0,DTE1_p98_w25_neutral,100000,fixed,,,,,
23.506571287617167,4254.0,225.22222222222223,1408.9506555555556,1.4089506555555555,352.2376638888889,50000.0,50.0,31.61828776078976,5.294202222222222,DTE1_p98_w25_neutral,100000,kelly,0.25,0.9445095822925624,0.2361273955731406,,
23.506571287617167,4254.0,225.22222222222223,1408.9506555555556,1.4089506555555555,352.2376638888889,50000.0,50.0,31.61828776078976,5.294202222222222,DTE1_p98_w25_neutral,100000,kelly,0.5,0.9445095822925624,0.4722547911462812,,
1998.0585594474592,50.0,50.0,53174.50673408979,53.17450673408979,13293.626683522447,50000.0,50.0,31.622657662069518,99.90292797237295,DTE1_p98_w25_neutral,100000,risk_based,,,,2.0,170.0
2997.0878391711885,33.0,33.0,52642.76166674889,52.642761666748896,13160.690416687223,50000.0,50.0,31.62265646065927,98.90389869264922,DTE1_p98_w25_neutral,100000,risk_based,,,,3.0,255.0
1000.0,250.0,225.22222222222223,1460.8338373333333,0.5843335349333334,146.08338373333333,2594.159088888891,1.0376636355555564,31.611953065223467,90.08888888888889,DTE1_p98_w25_neutral,250000,fixed,,,,,
23.506571287617167,10635.0,225.22222222222223,1408.9506555555556,0.5635802622222222,140.89506555555556,125000.0,50.0,31.611554499448705,2.1176808888888887,DTE1_p98_w25_neutral,250000,kelly,0.25,0.9445095822925624,0.2361273955731406,,
23.506571287617167,10635.0,225.22222222222223,1408.9506555555556,0.5635802622222222,140.89506555555556,125000.0,50.0,31.611554499448705,2.1176808888888887,DTE1_p98_w25_neutral,250000,kelly,0.5,0.9445095822925624,0.4722547911462812,,
4995.146398618648,50.0,50.0,132936.26683522447,53.17450673408979,13293.626683522447,125000.0,50.0,31.622657662069518,99.90292797237295,DTE1_p98_w25_neutral,250000,risk_based,,,,2.0,425.0
7498.596240749876,33.0,33.0,131710.12526817957,52.68405010727183,13171.012526817958,125000.0,50.0,31.622656554813684,98.98147037789838,DTE1_p98_w25_neutral,250000,risk_based,,,,3.0,638.0
1000.0,500.0,225.22222222222223,1460.8338373333333,0.2921667674666667,73.04169186666667,2594.159088888891,0.5188318177777782,31.601129528763156,45.044444444444444,DTE1_p98_w25_neutral,500000,fixed,,,,,
23.506571287617167,21270.0,225.22222222222223,1408.9506555555556,0.2817901311111111,70.44753277777778,129707.95444444445,25.94159088888889,31.600332397213617,1.0588404444444444,DTE1_p98_w25_neutral,500000,kelly,0.25,0.9445095822925624,0.2361273955731406,,
23.506571287617167,21270.0,225.22222222222223,1408.9506555555556,0.2817901311111111,70.44753277777778,129707.95444444445,25.94159088888889,31.600332397213617,1.0588404444444444,DTE1_p98_w25_neutral,500000,kelly,0.5,0.9445095822925624,0.4722547911462812,,
9990.292797237296,50.0,50.0,265872.53367044893,53.17450673408979,13293.626683522447,250000.0,50.0,31.622657662069518,99.90292797237295,DTE1_p98_w25_neutral,500000,risk_based,,,,2.0,850.0
14997.192481499753,33.0,33.0,263420.25053635915,52.68405010727183,13171.012526817958,250000.0,50.0,31.622656554813684,98.98147037789838,DTE1_p98_w25_neutral,500000,risk_based,,,,3.0,1276.0
1000.0,25.0,25.0,154.7188968503937,0.6188755874015748,154.7188968503937,302.37094488189,1.2094837795275601,31.612557172368618,100.0,DTE1_p97_w25_neutral,25000,fixed,,,,,
24.4340157480315,1023.0,228.6,1333.47888,5.33391552,1333.47888,12500.0,50.0,31.62159087699494,22.342464,DTE1_p97_w25_neutral,25000,kelly,0.25,0.9126565810870741,0.22816414527176854,,
24.4340157480315,1023.0,228.6,1333.47888,5.33391552,1333.47888,12500.0,50.0,31.62159087699494,22.342464,DTE1_p97_w25_neutral,25000,kelly,0.5,0.9126565810870741,0.4563282905435371,,
488.68031496062997,51.0,51.0,11899.811527559054,47.599246110236216,11899.811527559054,12500.0,50.0,31.622643730770132,99.69078425196851,DTE1_p97_w25_neutral,25000,risk_based,,,,2.0,40.0
745.2374803149607,33.0,33.0,11742.314022047243,46.96925608818897,11742.314022047243,12500.0,50.0,31.622641948596925,98.37134740157482,DTE1_p97_w25_neutral,25000,risk_based,,,,3.0,61.0
1000.0,50.0,50.0,309.4377937007874,0.6188755874015748,154.7188968503937,604.74188976378,1.2094837795275601,31.612557172368618,100.0,DTE1_p97_w25_neutral,50000,fixed,,,,,
24.4340157480315,2046.0,228.6,1333.47888,2.66695776,666.73944,25000.0,50.0,31.620405152306084,11.171232,DTE1_p97_w25_neutral,50000,kelly,0.25,0.9126565810870741,0.22816414527176854,,
24.4340157480315,2046.0,228.6,1333.47888,2.66695776,666.73944,25000.0,50.0,31.620405152306084,11.171232,DTE1_p97_w25_neutral,50000,kelly,0.5,0.9126565810870741,0.4563282905435371,,
989.5776377952757,50.0,50.0,23624.62582677165,47.2492516535433,11812.312913385826,25000.0,50.0,31.62264274654115,98.95776377952757,DTE1_p97_w25_neutral,50000,risk_based,,,,2.0,81.0
1490.4749606299215,33.0,33.0,23484.628044094487,46.96925608818897,11742.314022047243,25000.0,50.0,31.622641948596925,98.37134740157482,DTE1_p97_w25_neutral,50000,risk_based,,,,3.0,122.0
1000.0,100.0,100.0,618.8755874015748,0.6188755874015748,154.7188968503937,1209.48377952756,1.2094837795275601,31.612557172368618,100.0,DTE1_p97_w25_neutral,100000,fixed,,,,,
24.4340157480315,4092.0,228.6,1333.47888,1.33347888,333.36972,50000.0,50.0,31.61803370292837,5.585616,DTE1_p97_w25_neutral,100000,kelly,0.25,0.9126565810870741,0.22816414527176854,,
24.4340157480315,4092.0,228.6,1333.47888,1.33347888,333.36972,50000.0,50.0,31.61803370292837,5.585616,DTE1_p97_w25_neutral,100000,kelly,0.5,0.9126565810870741,0.4563282905435371,,
1991.372283464567,50.0,50.0,47540.913700787394,47.5409137007874,11885.228425196849,50000.0,50.0,31.622643567738333,99.56861417322835,DTE1_p97_w25_neutral,100000,risk_based,,,,2.0,163.0
2993.1669291338585,33.0,33.0,47161.75303937007,47.161753039370076,11790.438259842518,50000.0,50.0,31.62264249820136,98.77450866141734,DTE1_p97_w25_neutral,100000,risk_based,,,,3.0,245.0
1000.0,250.0,228.6,1414.7495927999998,0.5658998371199999,141.47495927999998,2764.8799200000026,1.105951968000001,31.6116004978833,91.44,DTE1_p97_w25_neutral,250000,fixed,,,,,
24.4340157480315,10231.0,228.6,1333.47888,0.533391552,133.34788799999998,92162.664,36.8650656,31.61091935479523,2.2342464,DTE1_p97_w25_neutral,250000,kelly,0.25,0.9126565810870741,0.22816414527176854,,
24.4340157480315,10231.0,228.6,1333.47888,0.533391552,133.34788799999998,92162.664,36.8650656,31.61091935479523,2.2342464,DTE1_p97_w25_neutral,250000,kelly,0.5,0.9126565810870741,0.4563282905435371,,
4996.756220472442,50.0,50.0,119289.77732283463,47.715910929133855,11928.977732283463,125000.0,50.0,31.622644055637895,99.93512440944883,DTE1_p97_w25_neutral,250000,risk_based,,,,2.0,409.0
7489.0258267716545,33.0,33.0,118000.63107401574,47.200252429606294,11800.063107401575,125000.0,50.0,31.6226426075843,98.85514091338584,DTE1_p97_w25_neutral,250000,risk_based,,,,3.0,613.0
1000.0,500.0,228.6,1414.7495927999998,0.28294991855999996,70.73747963999999,2764.8799200000026,0.5529759840000005,31.600424394082804,45.72,DTE1_p97_w25_neutral,500000,fixed,,,,,
24.4340157480315,20463.0,228.6,1333.47888,0.266695776,66.67394399999999,92162.664,18.4325328,31.599062107906672,1.1171232,DTE1_p97_w25_neutral,500000,kelly,0.25,0.9126565810870741,0.22816414527176854,,
24.4340157480315,20463.0,228.6,1333.47888,0.266695776,66.67394399999999,92162.664,18.4325328,31.599062107906672,1.1171232,DTE1_p97_w25_neutral,500000,kelly,0.5,0.9126565810870741,0.4563282905435371,,
9993.512440944884,50.0,50.0,238579.55464566927,47.715910929133855,11928.977732283463,250000.0,50.0,31.622644055637895,99.93512440944883,DTE1_p97_w25_neutral,500000,risk_based,,,,2.0,818.0
14990.268661417324,33.0,33.0,236193.75909921256,47.23875181984251,11809.68795496063,250000.0,50.0,31.622642716788945,98.93577316535433,DTE1_p97_w25_neutral,500000,risk_based,,,,3.0,1227.0
1000.0,25.0,25.0,464.7597396518388,1.8590389586073552,464.7597396518388,1465.5952033518176,5.86238081340727,31.61937454531964,100.0,DTE1_p96_w100_neutral,25000,fixed,,,,,
122.13293361265137,204.0,204.0,3314.0692011849715,13.256276804739887,3314.0692011849715,12500.0,50.0,31.622299502765784,99.66047382792351,DTE1_p96_w100_neutral,25000,kelly,0.25,0.834521602747839,0.20863040068695976,,
122.13293361265137,204.0,204.0,3314.0692011849715,13.256276804739887,3314.0692011849715,12500.0,50.0,31.622299502765784,99.66047382792351,DTE1_p96_w100_neutral,25000,kelly,0.5,0.834521602747839,0.4172608013739195,,
488.5317344506055,51.0,51.0,6628.138402369943,26.512553609479774,6628.138402369943,12500.0,50.0,31.622538052224787,99.66047382792351,DTE1_p96_w100_neutral,25000,risk_based,,,,2.0,8.0
732.7976016759083,34.0,34.0,6628.138402369943,26.512553609479774,6628.138402369943,12500.0,50.0,31.622538052224787,99.66047382792351,DTE1_p96_w100_neutral,25000,risk_based,,,,3.0,12.0
1000.0,50.0,50.0,929.5194793036776,1.8590389586073552,464.7597396518388,2931.1904067036353,5.86238081340727,31.61937454531964,100.0,DTE1_p96_w100_neutral,50000,fixed,,,,,
122.13293361265137,409.0,409.0,6644.383839630654,13.288767679261307,3322.1919198153273,25000.0,50.0,31.622300669266814,99.90473969514882,DTE1_p96_w100_neutral,50000,kelly,0.25,0.834521602747839,0.20863040068695976,,
122.13293361265137,409.0,409.0,6644.383839630654,13.288767679261307,3322.1919198153273,25000.0,50.0,31.622300669266814,99.90473969514882,DTE1_p96_w100_neutral,50000,kelly,0.5,0.834521602747839,0.4172608013739195,,
977.063468901211,51.0,51.0,13256.276804739886,26.512553609479774,6628.138402369943,25000.0,50.0,31.622538052224787,99.66047382792351,DTE1_p96_w100_neutral,50000,risk_based,,,,2.0,16.0
1465.5952033518165,34.0,34.0,13256.276804739886,26.512553609479774,6628.138402369943,25000.0,50.0,31.622538052224787,99.66047382792351,DTE1_p96_w100_neutral,50000,risk_based,,,,3.0,24.0
1000.0,100.0,100.0,1859.0389586073552,1.8590389586073552,464.7597396518388,5862.380813407271,5.86238081340727,31.61937454531964,100.0,DTE1_p96_w100_neutral,100000,fixed,,,,,
122.13293361265137,818.0,818.0,13288.767679261307,13.288767679261307,3322.1919198153273,50000.0,50.0,31.622300669266814,99.90473969514882,DTE1_p96_w100_neutral,100000,kelly,0.25,0.834521602747839,0.20863040068695976,,
122.13293361265137,818.0,818.0,13288.767679261307,13.288767679261307,3322.1919198153273,50000.0,50.0,31.622300669266814,99.90473969514882,DTE1_p96_w100_neutral,100000,kelly,0.5,0.834521602747839,0.4172608013739195,,
1954.126937802422,51.0,51.0,26512.55360947977,26.512553609479774,6628.138402369943,50000.0,50.0,31.622538052224787,99.66047382792351,DTE1_p96_w100_neutral,100000,risk_based,,,,2.0,32.0
2992.2568735099585,33.0,33.0,26268.872050569113,26.268872050569115,6567.218012642279,50000.0,50.0,31.622535839335562,98.74447682582863,DTE1_p96_w100_neutral,100000,risk_based,,,,3.0,49.0
1000.0,250.0,250.0,4647.597396518388,1.8590389586073552,464.7597396518389,14655.952033518177,5.862380813407271,31.619374545319648,100.0,DTE1_p96_w100_neutral,250000,fixed,,,,,
122.13293361265137,2046.0,2046.0,33238.16463541398,13.295265854165592,3323.816463541398,125000.0,50.0,31.622300901882852,99.95359286859387,DTE1_p96_w100_neutral,250000,kelly,0.25,0.834521602747839,0.20863040068695976,,
122.13293361265137,2046.0,2046.0,33238.16463541398,13.295265854165592,3323.816463541398,125000.0,50.0,31.622300901882852,99.95359286859387,DTE1_p96_w100_neutral,250000,kelly,0.5,0.834521602747839,0.4172608013739195,,
4946.38381131238,50.0,50.0,65794.02090587812,26.317608362351248,6579.4020905878115,125000.0,50.0,31.622536285191757,98.92767622624761,DTE1_p96_w100_neutral,250000,risk_based,,,,2.0,81.0
7450.108950371734,33.0,33.0,65404.13041162106,26.161652164648423,6540.413041162105,125000.0,50.0,31.622534852604623,98.34143814490689,DTE1_p96_w100_neutral,250000,risk_based,,,,3.0,122.0
1000.0,500.0,500.0,9295.194793036777,1.8590389586073552,464.7597396518389,29311.904067036354,5.862380813407271,31.619374545319648,100.0,DTE1_p96_w100_neutral,500000,fixed,,,,,
122.13293361265137,4093.0,4093.0,66492.57470808866,13.298514941617734,3324.6287354044334,250000.0,50.0,31.622301018105617,99.9780194553164,DTE1_p96_w100_neutral,500000,kelly,0.25,0.834521602747839,0.20863040068695976,,
122.13293361265137,4093.0,4093.0,66492.57470808866,13.298514941617734,3324.6287354044334,250000.0,50.0,31.622301018105617,99.9780194553164,DTE1_p96_w100_neutral,500000,kelly,0.5,0.834521602747839,0.4172608013739195,,
9953.834089431086,50.0,50.0,132400.31367479175,26.48006273495835,6620.015683739586,250000.0,50.0,31.622537759526065,99.53834089431086,DTE1_p96_w100_neutral,500000,risk_based,,,,2.0,163.0
14961.284367549793,33.0,33.0,131344.36025284557,26.268872050569115,6567.218012642279,250000.0,50.0,31.622535839335562,98.74447682582864,DTE1_p96_w100_neutral,500000,risk_based,,,,3.0,245.0
1000.0,25.0,25.0,272.94228104075404,1.0917691241630163,272.94228104075404,638.2561947880289,2.5530247791521155,31.616983659586086,100.0,DTE1_p95_w50_neutral,25000,fixed,,,,,
53.74789008741292,465.0,465.0,4483.148166205159,17.93259266482064,4483.148166205159,12500.0,50.0,31.62242391674645,99.97107556258803,DTE1_p95_w50_neutral,25000,kelly,0.25,0.8337936470595776,0.2084484117648944,,
53.74789008741292,465.0,465.0,4483.148166205159,17.93259266482064,4483.148166205159,12500.0,50.0,31.62242391674645,99.97107556258803,DTE1_p95_w50_neutral,25000,kelly,0.5,0.8337936470595776,0.4168968235297888,,
483.7310107867163,51.0,51.0,8850.602186185668,35.40240874474267,8850.602186185666,12500.0,50.0,31.62259795408481,98.68112620049013,DTE1_p95_w50_neutral,25000,risk_based,,,,2.0,18.0
725.5965161800744,34.0,34.0,8850.602186185668,35.40240874474267,8850.602186185666,12500.0,50.0,31.62259795408481,98.68112620049013,DTE1_p95_w50_neutral,25000,risk_based,,,,3.0,27.0
1000.0,50.0,50.0,545.8845620815081,1.0917691241630163,272.94228104075404,1276.5123895760578,2.5530247791521155,31.616983659586086,100.0,DTE1_p95_w50_neutral,50000,fixed,,,,,
53.74789008741292,930.0,930.0,8966.296332410318,17.93259266482064,4483.148166205159,25000.0,50.0,31.62242391674645,99.97107556258803,DTE1_p95_w50_neutral,50000,kelly,0.25,0.8337936470595776,0.2084484117648944,,
53.74789008741292,930.0,930.0,8966.296332410318,17.93259266482064,4483.148166205159,25000.0,50.0,31.62242391674645,99.97107556258803,DTE1_p95_w50_neutral,50000,kelly,0.5,0.8337936470595776,0.4168968235297888,,
994.335966617139,50.0,50.0,17836.180876300095,35.67236175260019,8918.090438150048,25000.0,50.0,31.622599306012596,99.43359666171389,DTE1_p95_w50_neutral,50000,risk_based,,,,2.0,37.0
1478.0669774038554,33.0,33.0,17498.7396164782,34.9974792329564,8749.3698082391,25000.0,50.0,31.622595887087805,97.55242050865446,DTE1_p95_w50_neutral,50000,risk_based,,,,3.0,55.0
1000.0,100.0,100.0,1091.7691241630162,1.0917691241630163,272.94228104075404,2553.0247791521156,2.5530247791521155,31.616983659586086,100.0,DTE1_p95_w50_neutral,100000,fixed,,,,,
53.74789008741292,1860.0,1860.0,17932.592664820637,17.93259266482064,4483.148166205159,50000.0,50.0,31.62242391674645,99.97107556258803,DTE1_p95_w50_neutral,100000,kelly,0.25,0.8337936470595776,0.2084484117648944,,
53.74789008741292,1860.0,1860.0,17932.592664820637,17.93259266482064,4483.148166205159,50000.0,50.0,31.62242391674645,99.97107556258803,DTE1_p95_w50_neutral,100000,kelly,0.5,0.8337936470595776,0.4168968235297888,,
1988.671933234278,50.0,50.0,35672.36175260019,35.67236175260019,8918.090438150048,50000.0,50.0,31.622599306012596,99.43359666171389,DTE1_p95_w50_neutral,100000,risk_based,,,,2.0,74.0
2983.007899851417,33.0,33.0,35315.63813507419,35.31563813507418,8828.909533768545,50000.0,50.0,31.622597515147227,98.43926069509676,DTE1_p95_w50_neutral,100000,risk_based,,,,3.0,111.0
1000.0,250.0,250.0,2729.4228104075405,1.0917691241630163,272.94228104075404,6382.561947880289,2.5530247791521155,31.616983659586086,100.0,DTE1_p95_w50_neutral,250000,fixed,,,,,
53.74789008741292,4651.0,4651.0,44841.12284090364,17.936449136361457,4484.112284090364,125000.0,50.0,31.622423992576362,99.99257471862299,DTE1_p95_w50_neutral,250000,kelly,0.25,0.8337936470595776,0.2084484117648944,,
53.74789008741292,4651.0,4651.0,44841.12284090364,17.936449136361457,4484.112284090364,125000.0,50.0,31.622423992576362,99.99257471862299,DTE1_p95_w50_neutral,250000,kelly,0.5,0.8337936470595776,0.4168968235297888,,
4998.5537781294015,50.0,50.0,89662.96332410318,35.86518532964128,8966.296332410318,125000.0,50.0,31.622600259215123,99.97107556258803,DTE1_p95_w50_neutral,250000,risk_based,,,,2.0,186.0
7497.830667194103,33.0,33.0,88766.33369086214,35.506533476344856,8876.633369086216,125000.0,50.0,31.622598477978077,98.97136480696214,DTE1_p95_w50_neutral,250000,risk_based,,,,3.0,279.0
1000.0,500.0,500.0,5458.845620815081,1.0917691241630163,272.94228104075404,12765.123895760578,2.5530247791521155,31.616983659586086,100.0,DTE1_p95_w50_neutral,500000,fixed,,,,,
53.74789008741292,9302.0,9302.0,89682.24568180728,17.936449136361457,4484.112284090364,250000.0,50.0,31.622423992576362,99.99257471862299,DTE1_p95_w50_neutral,500000,kelly,0.25,0.8337936470595776,0.2084484117648944,,
53.74789008741292,9302.0,9302.0,89682.24568180728,17.936449136361457,4484.112284090364,250000.0,50.0,31.622423992576362,99.99257471862299,DTE1_p95_w50_neutral,500000,kelly,0.5,0.8337936470595776,0.4168968235297888,,
9997.107556258803,50.0,50.0,179325.92664820637,35.86518532964128,8966.296332410318,250000.0,50.0,31.622600259215123,99.97107556258803,DTE1_p95_w50_neutral,500000,risk_based,,,,2.0,372.0
14995.661334388205,33.0,33.0,177532.66738172428,35.506533476344856,8876.633369086216,250000.0,50.0,31.622598477978077,98.97136480696214,DTE1_p95_w50_neutral,500000,risk_based,,,,3.0,558.0
1000.0,25.0,25.0,154.3847870188679,0.6175391480754716,154.3847870188679,290.26288301886814,1.1610515320754724,31.612535056123406,100.0,DTE1_p96_w25_neutral,25000,fixed,,,,,
24.188573584905654,1033.0,220.83333333333337,1261.1727333333333,5.044690933333333,1261.1727333333333,12500.0,50.0,31.621522896470946,21.36657333333333,DTE1_p96_w25_neutral,25000,kelly,0.25,0.885029874146714,0.2212574685366785,,
24.188573584905654,1033.0,220.83333333333337,1261.1727333333333,5.044690933333333,1261.1727333333333,12500.0,50.0,31.621522896470946,21.36657333333333,DTE1_p96_w25_neutral,25000,kelly,0.5,0.885029874146714,0.442514937073357,,
495.8657584905659,50.0,50.0,11707.490279245281,46.829961116981124,11707.490279245281,12500.0,50.0,31.622641548073467,99.17315169811319,DTE1_p96_w25_neutral,25000,risk_based,,,,2.0,41.0
749.8457811320753,33.0,33.0,11684.646395773583,46.738585583094334,11684.646395773583,12500.0,50.0,31.622641284039037,98.97964310943395,DTE1_p96_w25_neutral,25000,risk_based,,,,3.0,62.0
1000.0,50.0,50.0,308.7695740377358,0.6175391480754716,154.3847870188679,580.5257660377363,1.1610515320754724,31.612535056123406,100.0,DTE1_p96_w25_neutral,50000,fixed,,,,,
24.188573584905654,2067.0,220.83333333333337,1261.1727333333333,2.5223454666666667,630.5863666666667,25000.0,50.0,31.620269191258096,10.683286666666666,DTE1_p96_w25_neutral,50000,kelly,0.25,0.885029874146714,0.2212574685366785,,
24.188573584905654,2067.0,220.83333333333337,1261.1727333333333,2.5223454666666667,630.5863666666667,25000.0,50.0,31.620269191258096,10.683286666666666,DTE1_p96_w25_neutral,50000,kelly,0.5,0.885029874146714,0.442514937073357,,
991.7315169811318,50.0,50.0,23414.980558490563,46.829961116981124,11707.490279245281,25000.0,50.0,31.622641548073467,99.17315169811319,DTE1_p96_w25_neutral,50000,risk_based,,,,2.0,82.0
1499.6915622641507,33.0,33.0,23369.292791547166,46.738585583094334,11684.646395773583,25000.0,50.0,31.622641284039037,98.97964310943395,DTE1_p96_w25_neutral,50000,risk_based,,,,3.0,124.0
1000.0,100.0,100.0,617.5391480754716,0.6175391480754716,154.3847870188679,1161.0515320754726,1.1610515320754724,31.612535056123406,100.0,DTE1_p96_w25_neutral,100000,fixed,,,,,
24.188573584905654,4134.0,220.83333333333337,1261.1727333333333,1.2611727333333334,315.29318333333333,50000.0,50.0,31.617761780832392,5.341643333333333,DTE1_p96_w25_neutral,100000,kelly,0.25,0.885029874146714,0.2212574685366785,,
24.188573584905654,4134.0,220.83333333333337,1261.1727333333333,1.2611727333333334,315.29318333333333,50000.0,50.0,31.617761780832392,5.341643333333333,DTE1_p96_w25_neutral,100000,kelly,0.5,0.885029874146714,0.442514937073357,,
1995.5573207547166,50.0,50.0,47115.50966037735,47.11550966037735,11778.877415094337,50000.0,50.0,31.622642366580198,99.77786603773583,DTE1_p96_w25_neutral,100000,risk_based,,,,2.0,165.0
2999.3831245283013,33.0,33.0,46738.58558309433,46.738585583094334,11684.646395773583,50000.0,50.0,31.622641284039037,98.97964310943395,DTE1_p96_w25_neutral,100000,risk_based,,,,3.0,248.0
1000.0,250.0,220.83333333333337,1363.7322853333335,0.5454929141333333,136.37322853333336,2563.9888000000024,1.025595520000001,31.611182399162608,88.33333333333336,DTE1_p96_w25_neutral,250000,fixed,,,,,
24.188573584905654,10335.0,220.83333333333337,1261.1727333333333,0.5044690933333333,126.11727333333333,64099.71999999999,25.639887999999996,31.610239549555292,2.136657333333333,DTE1_p96_w25_neutral,250000,kelly,0.25,0.885029874146714,0.2212574685366785,,
24.188573584905654,10335.0,220.83333333333337,1261.1727333333333,0.5044690933333333,126.11727333333333,64099.71999999999,25.639887999999996,31.610239549555292,2.136657333333333,DTE1_p96_w25_neutral,250000,kelly,0.5,0.885029874146714,0.442514937073357,,
4994.940445283018,50.0,50.0,117931.5484226415,47.1726193690566,11793.15484226415,125000.0,50.0,31.622642529092435,99.89880890566035,DTE1_p96_w25_neutral,250000,risk_based,,,,2.0,413.0
7498.457811320753,33.0,33.0,116846.46395773583,46.738585583094334,11684.646395773583,125000.0,50.0,31.622641284039037,98.97964310943394,DTE1_p96_w25_neutral,250000,risk_based,,,,3.0,620.0
1000.0,500.0,220.83333333333337,1363.7322853333335,0.27274645706666667,68.18661426666668,2563.9888000000024,0.5127977600000005,31.59958819664142,44.16666666666668,DTE1_p96_w25_neutral,500000,fixed,,,,,
24.188573584905654,20670.0,220.83333333333337,1261.1727333333333,0.25223454666666667,63.058636666666665,64099.71999999999,12.819943999999998,31.597702497426795,1.0683286666666665,DTE1_p96_w25_neutral,500000,kelly,0.25,0.885029874146714,0.2212574685366785,,
24.188573584905654,20670.0,220.83333333333337,1261.1727333333333,0.25223454666666667,63.058636666666665,64099.71999999999,12.819943999999998,31.597702497426795,1.0683286666666665,DTE1_p96_w25_neutral,500000,kelly,0.5,0.885029874146714,0.442514937073357,,
9989.880890566035,50.0,50.0,235863.096845283,47.1726193690566,11793.15484226415,250000.0,50.0,31.622642529092435,99.89880890566035,DTE1_p96_w25_neutral,500000,risk_based,,,,2.0,826.0
14996.915622641505,33.0,33.0,233692.92791547166,46.738585583094334,11684.646395773583,250000.0,50.0,31.622641284039037,98.97964310943394,DTE1_p96_w25_neutral,500000,risk_based,,,,3.0,1240.0
1000.0,25.0,25.0,463.43916356823075,1.8537566542729231,463.43916356823075,1526.1786953435937,6.1047147813743745,31.61936485111461,100.0,DTE1_p97_w100_neutral,25000,fixed,,,,,
123.32757134089634,202.0,202.0,3382.1163767032754,13.5284655068131,3382.116376703275,12500.0,50.0,31.622309101854103,99.64867764344424,DTE1_p97_w100_neutral,25000,kelly,0.25,0.8734900235995694,0.21837250589989235,,
123.32757134089634,202.0,202.0,3382.1163767032754,13.5284655068131,3382.116376703275,12500.0,50.0,31.622309101854103,99.64867764344424,DTE1_p97_w100_neutral,25000,kelly,0.5,0.8734900235995694,0.4367450117997847,,
493.31028536358536,50.0,50.0,6697.2601518876745,26.789040607550696,6697.2601518876745,12500.0,50.0,31.622540514269808,98.66205707271706,DTE1_p97_w100_neutral,25000,risk_based,,,,2.0,8.0
739.9654280453781,33.0,33.0,6630.287550368797,26.52115020147519,6630.287550368797,12500.0,50.0,31.62253812954845,97.6754365019899,DTE1_p97_w100_neutral,25000,risk_based,,,,3.0,12.0
1000.0,50.0,50.0,926.8783271364615,1.8537566542729231,463.43916356823075,3052.3573906871875,6.1047147813743745,31.61936485111461,100.0,DTE1_p97_w100_neutral,50000,fixed,,,,,
123.32757134089634,405.0,405.0,6780.9759037862705,13.561951807572543,3390.4879518931352,25000.0,50.0,31.622310256174668,99.89533278612603,DTE1_p97_w100_neutral,50000,kelly,0.25,0.8734900235995694,0.21837250589989235,,
123.32757134089634,405.0,405.0,6780.9759037862705,13.561951807572543,3390.4879518931352,25000.0,50.0,31.622310256174668,99.89533278612603,DTE1_p97_w100_neutral,50000,kelly,0.5,0.8734900235995694,0.4367450117997847,,
986.6205707271707,50.0,50.0,13394.520303775349,26.789040607550696,6697.2601518876745,25000.0,50.0,31.622540514269808,98.66205707271706,DTE1_p97_w100_neutral,50000,risk_based,,,,2.0,16.0
1479.9308560907562,33.0,33.0,13260.575100737595,26.52115020147519,6630.287550368797,25000.0,50.0,31.62253812954845,97.6754365019899,DTE1_p97_w100_neutral,50000,risk_based,,,,3.0,24.0
1000.0,100.0,100.0,1853.756654272923,1.8537566542729231,463.43916356823075,6104.714781374375,6.1047147813743745,31.61936485111461,100.0,DTE1_p97_w100_neutral,100000,fixed,,,,,
123.32757134089634,810.0,810.0,13561.951807572541,13.561951807572543,3390.4879518931352,50000.0,50.0,31.622310256174668,99.89533278612603,DTE1_p97_w100_neutral,100000,kelly,0.25,0.8734900235995694,0.21837250589989235,,
123.32757134089634,810.0,810.0,13561.951807572541,13.561951807572543,3390.4879518931352,50000.0,50.0,31.622310256174668,99.89533278612603,DTE1_p97_w100_neutral,100000,kelly,0.5,0.8734900235995694,0.4367450117997847,,
1973.2411414543415,50.0,50.0,26789.040607550698,26.789040607550696,6697.2601518876745,50000.0,50.0,31.622540514269808,98.66205707271706,DTE1_p97_w100_neutral,100000,risk_based,,,,2.0,32.0
2959.8617121815123,33.0,33.0,26521.15020147519,26.52115020147519,6630.287550368797,50000.0,50.0,31.62253812954845,97.6754365019899,DTE1_p97_w100_neutral,100000,risk_based,,,,3.0,48.0
1000.0,250.0,250.0,4634.391635682307,1.8537566542729227,463.43916356823075,15261.786953435936,6.1047147813743745,31.61936485111462,100.0,DTE1_p97_w100_neutral,250000,fixed,,,,,
123.32757134089634,2027.0,2027.0,33938.36581969079,13.575346327876318,3393.8365819690794,125000.0,50.0,31.62231071630838,99.99399484319875,DTE1_p97_w100_neutral,250000,kelly,0.25,0.8734900235995694,0.21837250589989235,,
123.32757134089634,2027.0,2027.0,33938.36581969079,13.575346327876318,3393.8365819690794,125000.0,50.0,31.62231071630838,99.99399484319875,DTE1_p97_w100_neutral,250000,kelly,0.5,0.8734900235995694,0.4367450117997847,,
4994.766639306302,50.0,50.0,67809.7590378627,27.123903615145085,6780.9759037862705,125000.0,50.0,31.62254342892923,99.89533278612603,DTE1_p97_w100_neutral,250000,risk_based,,,,2.0,81.0
7461.318066124229,33.0,33.0,66855.3994662187,26.74215978648748,6685.53994662187,125000.0,50.0,31.62254010039254,98.48939847283982,DTE1_p97_w100_neutral,250000,risk_based,,,,3.0,121.0
1000.0,500.0,500.0,9268.783271364615,1.8537566542729227,463.43916356823075,30523.573906871872,6.1047147813743745,31.61936485111462,100.0,DTE1_p97_w100_neutral,500000,fixed,,,,,
123.32757134089634,4054.0,4054.0,67876.73163938159,13.575346327876318,3393.8365819690794,250000.0,50.0,31.62231071630838,99.99399484319875,DTE1_p97_w100_neutral,500000,kelly,0.25,0.8734900235995694,0.21837250589989235,,
123.32757134089634,4054.0,4054.0,67876.73163938159,13.575346327876318,3393.8365819690794,250000.0,50.0,31.62231071630838,99.99399484319875,DTE1_p97_w100_neutral,500000,kelly,0.5,0.8734900235995694,0.4367450117997847,,
9989.533278612604,50.0,50.0,135619.5180757254,27.123903615145085,6780.9759037862705,250000.0,50.0,31.62254342892923,99.89533278612603,DTE1_p97_w100_neutral,500000,risk_based,,,,2.0,162.0
14984.299917918905,33.0,33.0,134263.32289496815,26.85266457899363,6713.1661447484075,250000.0,50.0,31.622541073648886,98.89637945826478,DTE1_p97_w100_neutral,500000,risk_based,,,,3.0,243.0
1000.0,25.0,25.0,155.1209538770053,0.6204838155080211,155.1209538770053,282.02375668449224,1.128095026737969,31.61258366004331,100.0,DTE1_p95_w25_neutral,25000,fixed,,,,,
23.74936898395722,1052.0,233.75,1318.5348124999994,5.2741392499999975,1318.5348124999994,12500.0,50.0,31.621577438176622,22.205659999999998,DTE1_p95_w25_neutral,25000,kelly,0.25,0.859528388214961,0.21488209705374026,,
23.74936898395722,1052.0,233.75,1318.5348124999994,5.2741392499999975,1318.5348124999994,12500.0,50.0,31.621577438176622,22.205659999999998,DTE1_p95_w25_neutral,25000,kelly,0.5,0.859528388214961,0.4297641941074805,,
498.7367486631016,50.0,50.0,11845.660347593577,47.38264139037431,11845.660347593577,12500.0,50.0,31.622643123364842,99.74734973262032,DTE1_p95_w25_neutral,25000,risk_based,,,,2.0,42.0
748.1051229946523,33.0,33.0,11727.203744117642,46.908814976470566,11727.203744117642,12500.0,50.0,31.622641775098995,98.74987623529411,DTE1_p95_w25_neutral,25000,risk_based,,,,3.0,63.0
1000.0,50.0,50.0,310.2419077540106,0.6204838155080211,155.1209538770053,564.0475133689845,1.128095026737969,31.61258366004331,100.0,DTE1_p95_w25_neutral,50000,fixed,,,,,
23.74936898395722,2105.0,233.75,1318.5348124999994,2.6370696249999988,659.2674062499997,25000.0,50.0,31.620378274669452,11.102829999999999,DTE1_p95_w25_neutral,50000,kelly,0.25,0.859528388214961,0.21488209705374026,,
23.74936898395722,2105.0,233.75,1318.5348124999994,2.6370696249999988,659.2674062499997,25000.0,50.0,31.620378274669452,11.102829999999999,DTE1_p95_w25_neutral,50000,kelly,0.5,0.859528388214961,0.4297641941074805,,
997.4734973262032,50.0,50.0,23691.320695187154,47.38264139037431,11845.660347593577,25000.0,50.0,31.622643123364842,99.74734973262032,DTE1_p95_w25_neutral,50000,risk_based,,,,2.0,84.0
1496.2102459893047,33.0,33.0,23454.407488235283,46.908814976470566,11727.203744117642,25000.0,50.0,31.622641775098995,98.74987623529411,DTE1_p95_w25_neutral,50000,risk_based,,,,3.0,126.0
1000.0,100.0,100.0,620.4838155080212,0.6204838155080211,155.1209538770053,1128.095026737969,1.128095026737969,31.61258366004331,100.0,DTE1_p95_w25_neutral,100000,fixed,,,,,
23.74936898395722,4210.0,233.75,1318.5348124999994,1.3185348124999994,329.63370312499984,50000.0,50.0,31.617979947655108,5.5514149999999995,DTE1_p95_w25_neutral,100000,kelly,0.25,0.859528388214961,0.21488209705374026,,
23.74936898395722,4210.0,233.75,1318.5348124999994,1.3185348124999994,329.63370312499984,50000.0,50.0,31.617979947655108,5.5514149999999995,DTE1_p95_w25_neutral,100000,kelly,0.5,0.859528388214961,0.4297641941074805,,
1994.9469946524064,50.0,50.0,47382.64139037431,47.38264139037431,11845.660347593577,50000.0,50.0,31.622643123364842,99.74734973262032,DTE1_p95_w25_neutral,100000,risk_based,,,,2.0,168.0
2992.4204919786093,33.0,33.0,46908.81497647057,46.908814976470566,11727.203744117642,50000.0,50.0,31.622641775098995,98.74987623529411,DTE1_p95_w25_neutral,100000,risk_based,,,,3.0,252.0
1000.0,250.0,233.75,1450.3809187499994,0.5801523674999998,145.03809187499994,2636.9221250000023,1.054768850000001,31.611875059822314,93.5,DTE1_p95_w25_neutral,250000,fixed,,,,,
23.74936898395722,10526.0,233.75,1318.5348124999994,0.5274139249999998,131.85348124999993,52738.4425,21.095377,31.610784966612076,2.220566,DTE1_p95_w25_neutral,250000,kelly,0.25,0.859528388214961,0.21488209705374026,,
23.74936898395722,10526.0,233.75,1318.5348124999994,0.5274139249999998,131.85348124999993,52738.4425,21.095377,31.610784966612076,2.220566,DTE1_p95_w25_neutral,250000,kelly,0.5,0.859528388214961,0.4297641941074805,,
4999.2421711229945,50.0,50.0,118738.64300802133,47.49545720320854,11873.864300802134,125000.0,50.0,31.622643440415477,99.98484342245989,DTE1_p95_w25_neutral,250000,risk_based,,,,2.0,421.0
7492.925914438502,33.0,33.0,117458.18353235288,46.98327341294115,11745.818353235287,125000.0,50.0,31.622641988770283,98.90662207058824,DTE1_p95_w25_neutral,250000,risk_based,,,,3.0,631.0
1000.0,500.0,233.75,1450.3809187499994,0.2900761837499999,72.51904593749997,2636.9221250000023,0.5273844250000005,31.60097351796084,46.75,DTE1_p95_w25_neutral,500000,fixed,,,,,
23.74936898395722,21053.0,233.75,1318.5348124999994,0.2637069624999999,65.92674062499997,52738.4425,10.5476885,31.598793331540374,1.110283,DTE1_p95_w25_neutral,500000,kelly,0.25,0.859528388214961,0.21488209705374026,,
23.74936898395722,21053.0,233.75,1318.5348124999994,0.2637069624999999,65.92674062499997,52738.4425,10.5476885,31.598793331540374,1.110283,DTE1_p95_w25_neutral,500000,kelly,0.5,0.859528388214961,0.4297641941074805,,
9998.484342245989,50.0,50.0,237477.28601604266,47.49545720320854,11873.864300802134,250000.0,50.0,31.622643440415477,99.98484342245989,DTE1_p95_w25_neutral,500000,risk_based,,,,2.0,842.0
14997.726513368983,33.0,33.0,235102.51315588225,47.02050263117645,11755.125657794111,250000.0,50.0,31.622642095352163,98.9849949882353,DTE1_p95_w25_neutral,500000,risk_based,,,,3.0,1263.0
1000.0,25.0,25.0,469.24304282152667,1.876972171286107,469.24304282152667,1510.2810318819425,6.0411241275277705,31.61940704969091,100.0,DTE1_p98_w100_neutral,25000,fixed,,,,,
123.28824750056661,202.0,202.0,3547.422371245814,14.189689484983257,3547.4223712458142,12500.0,50.0,31.622330886833794,99.61690398045782,DTE1_p98_w100_neutral,25000,kelly,0.25,0.9157135023077579,0.22892837557693949,,
123.28824750056661,202.0,202.0,3547.422371245814,14.189689484983257,3547.4223712458142,12500.0,50.0,31.622330886833794,99.61690398045782,DTE1_p98_w100_neutral,25000,kelly,0.5,0.9157135023077579,0.45785675115387897,,
493.15299000226645,50.0,50.0,7024.598754942205,28.098395019768823,7024.598754942205,12500.0,50.0,31.622551515684542,98.63059800045329,DTE1_p98_w100_neutral,25000,risk_based,,,,2.0,8.0
739.7294850033996,33.0,33.0,6954.352767392784,27.817411069571136,6954.352767392784,12500.0,50.0,31.62254924208859,97.64429202044876,DTE1_p98_w100_neutral,25000,risk_based,,,,3.0,12.0
1000.0,50.0,50.0,938.4860856430533,1.876972171286107,469.24304282152667,3020.562063763885,6.0411241275277705,31.61940704969091,100.0,DTE1_p98_w100_neutral,50000,fixed,,,,,
123.28824750056661,405.0,405.0,7112.406239378983,14.224812478757965,3556.2031196894914,25000.0,50.0,31.622331987364287,99.86348047545896,DTE1_p98_w100_neutral,50000,kelly,0.25,0.9157135023077579,0.22892837557693949,,
123.28824750056661,405.0,405.0,7112.406239378983,14.224812478757965,3556.2031196894914,25000.0,50.0,31.622331987364287,99.86348047545896,DTE1_p98_w100_neutral,50000,kelly,0.5,0.9157135023077579,0.45785675115387897,,
986.3059800045329,50.0,50.0,14049.19750988441,28.098395019768823,7024.598754942205,25000.0,50.0,31.622551515684542,98.63059800045329,DTE1_p98_w100_neutral,50000,risk_based,,,,2.0,16.0
1479.4589700067993,33.0,33.0,13908.705534785568,27.817411069571136,6954.352767392784,25000.0,50.0,31.62254924208859,97.64429202044876,DTE1_p98_w100_neutral,50000,risk_based,,,,3.0,24.0
1000.0,100.0,100.0,1876.9721712861067,1.876972171286107,469.24304282152667,6041.12412752777,6.0411241275277705,31.61940704969091,100.0,DTE1_p98_w100_neutral,100000,fixed,,,,,
123.28824750056661,811.0,811.0,14242.373975645321,14.242373975645323,3560.5934939113304,50000.0,50.0,31.622332535594023,99.98676872295952,DTE1_p98_w100_neutral,100000,kelly,0.25,0.9157135023077579,0.22892837557693949,,
123.28824750056661,811.0,811.0,14242.373975645321,14.242373975645323,3560.5934939113304,50000.0,50.0,31.622332535594023,99.98676872295952,DTE1_p98_w100_neutral,100000,kelly,0.5,0.9157135023077579,0.45785675115387897,,
1972.6119600090658,50.0,50.0,28098.39501976882,28.098395019768823,7024.598754942205,50000.0,50.0,31.622551515684542,98.63059800045329,DTE1_p98_w100_neutral,100000,risk_based,,,,2.0,32.0
2958.9179400135986,33.0,33.0,27817.411069571135,27.817411069571136,6954.352767392784,50000.0,50.0,31.62254924208859,97.64429202044876,DTE1_p98_w100_neutral,100000,risk_based,,,,3.0,48.0
1000.0,250.0,250.0,4692.430428215267,1.876972171286107,469.2430428215267,15102.810318819424,6.04112412752777,31.619407049690913,100.0,DTE1_p98_w100_neutral,250000,fixed,,,,,
123.28824750056661,2027.0,2027.0,35597.15419066963,14.238861676267852,3559.7154190669626,125000.0,50.0,31.62233242605626,99.9621110734594,DTE1_p98_w100_neutral,250000,kelly,0.25,0.9157135023077579,0.22892837557693949,,
123.28824750056661,2027.0,2027.0,35597.15419066963,14.238861676267852,3559.7154190669626,125000.0,50.0,31.62233242605626,99.9621110734594,DTE1_p98_w100_neutral,250000,kelly,0.5,0.9157135023077579,0.45785675115387897,,
4993.174023772948,50.0,50.0,71124.06239378983,28.449624957515933,7112.406239378983,125000.0,50.0,31.62255429452404,99.86348047545897,DTE1_p98_w100_neutral,250000,risk_based,,,,2.0,81.0
7458.93897378428,33.0,33.0,70123.05707121057,28.049222828484226,7012.305707121057,125000.0,50.0,31.622551121093515,98.4579944539525,DTE1_p98_w100_neutral,250000,risk_based,,,,3.0,121.0
1000.0,500.0,500.0,9384.860856430534,1.876972171286107,469.2430428215267,30205.620637638847,6.04112412752777,31.619407049690913,100.0,DTE1_p98_w100_neutral,500000,fixed,,,,,
123.28824750056661,4055.0,4055.0,71211.8698782266,14.24237397564532,3560.5934939113295,250000.0,50.0,31.622332535594023,99.98676872295952,DTE1_p98_w100_neutral,500000,kelly,0.25,0.9157135023077579,0.22892837557693949,,
123.28824750056661,4055.0,4055.0,71211.8698782266,14.24237397564532,3560.5934939113295,250000.0,50.0,31.622332535594023,99.98676872295952,DTE1_p98_w100_neutral,500000,kelly,0.5,0.9157135023077579,0.45785675115387897,,
9986.348047545896,50.0,50.0,142248.12478757967,28.449624957515933,7112.406239378983,250000.0,50.0,31.62255429452404,99.86348047545897,DTE1_p98_w100_neutral,500000,risk_based,,,,2.0,162.0
14979.522071318843,33.0,33.0,140825.64353970386,28.165128707940774,7041.282176985192,250000.0,50.0,31.622552048997164,98.86484567070436,DTE1_p98_w100_neutral,500000,risk_based,,,,3.0,243.0
1000.0,25.0,25.0,270.44019155795996,1.0817607662318398,270.44019155795996,656.9298507150306,2.6277194028601225,31.6169300637821,100.0,DTE1_p96_w50_neutral,25000,fixed,,,,,
54.7441542262525,456.0,456.0,4453.5330749355035,17.814132299742013,4453.5330749355035,12500.0,50.0,31.622421571463185,99.85333730868456,DTE1_p96_w50_neutral,25000,kelly,0.25,0.8632272568720674,0.21580681421801684,,
54.7441542262525,456.0,456.0,4453.5330749355035,17.814132299742013,4453.5330749355035,12500.0,50.0,31.622421571463185,99.85333730868456,DTE1_p96_w50_neutral,25000,kelly,0.5,0.8632272568720674,0.4316136284360337,,
492.69738803627246,50.0,50.0,8789.867911056916,35.159471644227665,8789.867911056916,12500.0,50.0,31.622596719705356,98.53947760725448,DTE1_p96_w50_neutral,25000,risk_based,,,,2.0,18.0
739.0460820544088,33.0,33.0,8701.969231946347,34.80787692778539,8701.969231946347,12500.0,50.0,31.622594902715676,97.55408283118197,DTE1_p96_w50_neutral,25000,risk_based,,,,3.0,27.0
1000.0,50.0,50.0,540.8803831159199,1.0817607662318398,270.44019155795996,1313.8597014300612,2.6277194028601225,31.6169300637821,100.0,DTE1_p96_w50_neutral,50000,fixed,,,,,
54.7441542262525,913.0,913.0,8916.832669772182,17.833665339544364,4458.41633488609,25000.0,50.0,31.622421960324317,99.96282561713706,DTE1_p96_w50_neutral,50000,kelly,0.25,0.8632272568720674,0.21580681421801684,,
54.7441542262525,913.0,913.0,8916.832669772182,17.833665339544364,4458.41633488609,25000.0,50.0,31.622421960324317,99.96282561713706,DTE1_p96_w50_neutral,50000,kelly,0.5,0.8632272568720674,0.4316136284360337,,
985.3947760725449,50.0,50.0,17579.73582211383,35.159471644227665,8789.867911056916,25000.0,50.0,31.622596719705356,98.53947760725448,DTE1_p96_w50_neutral,50000,risk_based,,,,2.0,36.0
1478.0921641088175,33.0,33.0,17403.938463892693,34.80787692778539,8701.969231946347,25000.0,50.0,31.622594902715676,97.55408283118197,DTE1_p96_w50_neutral,50000,risk_based,,,,3.0,54.0
1000.0,100.0,100.0,1081.7607662318399,1.0817607662318398,270.44019155795996,2627.7194028601225,2.6277194028601225,31.6169300637821,100.0,DTE1_p96_w50_neutral,100000,fixed,,,,,
54.7441542262525,1826.0,1826.0,17833.665339544365,17.833665339544364,4458.41633488609,50000.0,50.0,31.622421960324317,99.96282561713706,DTE1_p96_w50_neutral,100000,kelly,0.25,0.8632272568720674,0.21580681421801684,,
54.7441542262525,1826.0,1826.0,17833.665339544365,17.833665339544364,4458.41633488609,50000.0,50.0,31.622421960324317,99.96282561713706,DTE1_p96_w50_neutral,100000,kelly,0.5,0.8632272568720674,0.4316136284360337,,
1998.1616292582162,50.0,50.0,35647.79763928638,35.647797639286374,8911.949409821595,50000.0,50.0,31.622599183842052,99.9080814629108,DTE1_p96_w50_neutral,100000,risk_based,,,,2.0,73.0
2983.556405330761,33.0,33.0,35130.172084524136,35.13017208452413,8782.543021131034,50000.0,50.0,31.622596569678684,98.45736137591513,DTE1_p96_w50_neutral,100000,risk_based,,,,3.0,109.0
1000.0,250.0,250.0,2704.4019155796,1.08176076623184,270.44019155796,6569.298507150306,2.6277194028601225,31.6169300637821,100.0,DTE1_p96_w50_neutral,250000,fixed,,,,,
54.7441542262525,4566.0,4566.0,44593.92986876208,17.83757194750483,4459.392986876208,125000.0,50.0,31.622422037994355,99.98472327882756,DTE1_p96_w50_neutral,250000,kelly,0.25,0.8632272568720674,0.21580681421801684,,
54.7441542262525,4566.0,4566.0,44593.92986876208,17.83757194750483,4459.392986876208,125000.0,50.0,31.622422037994355,99.98472327882756,DTE1_p96_w50_neutral,250000,kelly,0.5,0.8632272568720674,0.4316136284360337,,
4981.718034588977,50.0,50.0,88875.33110068658,35.55013244027464,8887.533110068658,125000.0,50.0,31.62259869643039,99.63436069177955,DTE1_p96_w50_neutral,250000,risk_based,,,,2.0,182.0
7499.949128996592,33.0,33.0,88308.87294641847,35.32354917856739,8830.887294641847,125000.0,50.0,31.622597555255354,98.999328502755,DTE1_p96_w50_neutral,250000,risk_based,,,,3.0,274.0
1000.0,500.0,500.0,5408.8038311592,1.08176076623184,270.44019155796,13138.597014300612,2.6277194028601225,31.6169300637821,100.0,DTE1_p96_w50_neutral,500000,fixed,,,,,
54.7441542262525,9133.0,9133.0,89197.62625742533,17.839525251485068,4459.881312871267,250000.0,50.0,31.62242207681662,99.99567210967281,DTE1_p96_w50_neutral,500000,kelly,0.25,0.8632272568720674,0.21580681421801684,,
54.7441542262525,9133.0,9133.0,89197.62625742533,17.839525251485068,4459.881312871267,250000.0,50.0,31.62242207681662,99.99567210967281,DTE1_p96_w50_neutral,500000,kelly,0.5,0.8632272568720674,0.4316136284360337,,
9990.808146291081,50.0,50.0,178238.9881964319,35.647797639286374,8911.949409821595,250000.0,50.0,31.622599183842052,99.90808146291081,DTE1_p96_w50_neutral,500000,risk_based,,,,2.0,365.0
14999.898257993184,33.0,33.0,176617.74589283695,35.32354917856739,8830.887294641847,250000.0,50.0,31.622597555255354,98.999328502755,DTE1_p96_w50_neutral,500000,risk_based,,,,3.0,548.0
1000.0,25.0,25.0,67.58566833584449,0.27034267334337797,67.58566833584449,101.79291116428854,0.40717164465715416,31.599382014206647,100.0,DTE1_p95_w10_neutral,25000,fixed,,,,,
8.572034624361132,2916.0,2916.0,7289.536096782768,29.158144387131074,7289.536096782768,12500.0,50.0,31.622559696409013,99.98421185854824,DTE1_p95_w10_neutral,25000,kelly,0.25,0.8749907193223191,0.21874767983057977,,
8.572034624361132,2916.0,2916.0,7289.536096782768,29.158144387131074,7289.536096782768,12500.0,50.0,31.622559696409013,99.98421185854824,DTE1_p95_w10_neutral,25000,kelly,0.5,0.8749907193223191,0.43749535966115954,,
497.17800821294566,50.0,50.0,14499.07728441017,57.99630913764068,14499.077284410168,12500.0,50.0,31.622667550687023,99.43560164258913,DTE1_p95_w10_neutral,25000,risk_based,,,,2.0,116.0
745.7670123194185,33.0,33.0,14354.086511566069,57.41634604626428,14354.086511566069,12500.0,50.0,31.622666449161805,98.44124562616324,DTE1_p95_w10_neutral,25000,risk_based,,,,3.0,174.0
1000.0,50.0,50.0,135.17133667168898,0.27034267334337797,67.58566833584449,203.58582232857708,0.40717164465715416,31.599382014206647,100.0,DTE1_p95_w10_neutral,50000,fixed,,,,,
8.572034624361132,5832.0,3982.235294117647,9954.95470588235,19.9099094117647,4977.477352941175,25000.0,50.0,31.62245894301496,68.27171764705882,DTE1_p95_w10_neutral,50000,kelly,0.25,0.8749907193223191,0.21874767983057977,,
8.572034624361132,5832.0,3982.235294117647,9954.95470588235,19.9099094117647,4977.477352941175,25000.0,50.0,31.62245894301496,68.27171764705882,DTE1_p95_w10_neutral,50000,kelly,0.5,0.8749907193223191,0.43749535966115954,,
998.6420337380719,50.0,50.0,29123.1466143756,58.2462932287512,14561.573307187802,25000.0,50.0,31.622668018717064,99.86420337380719,DTE1_p95_w10_neutral,50000,risk_based,,,,2.0,233.0
1495.8200419510176,33.0,33.0,28790.66777319861,57.58133554639721,14395.333886599303,25000.0,50.0,31.62266676478508,98.72412276876716,DTE1_p95_w10_neutral,50000,risk_based,,,,3.0,349.0
1000.0,100.0,100.0,270.34267334337795,0.27034267334337797,67.58566833584449,407.17164465715416,0.40717164465715416,31.599382014206647,100.0,DTE1_p95_w10_neutral,100000,fixed,,,,,
8.572034624361132,11665.0,3982.235294117647,9954.95470588235,9.95495470588235,2488.7386764705875,50000.0,50.0,31.622141284346124,34.13585882352941,DTE1_p95_w10_neutral,100000,kelly,0.25,0.8749907193223191,0.21874767983057977,,
8.572034624361132,11665.0,3982.235294117647,9954.95470588235,9.95495470588235,2488.7386764705875,50000.0,50.0,31.622141284346124,34.13585882352941,DTE1_p95_w10_neutral,100000,kelly,0.5,0.8749907193223191,0.43749535966115954,,
1997.2840674761437,50.0,50.0,58246.2932287512,58.2462932287512,14561.573307187802,50000.0,50.0,31.622668018717064,99.86420337380719,DTE1_p95_w10_neutral,100000,risk_based,,,,2.0,466.0
2995.9261012142156,33.0,33.0,57663.83029646369,57.66383029646369,14415.957574115922,50000.0,50.0,31.62266692191941,98.8655613400691,DTE1_p95_w10_neutral,100000,risk_based,,,,3.0,699.0
1000.0,250.0,250.0,675.8566833584448,0.2703426733433779,67.58566833584449,1017.9291116428853,0.40717164465715416,31.599382014206654,100.0,DTE1_p95_w10_neutral,250000,fixed,,,,,
8.572034624361132,29164.0,3982.235294117647,9954.95470588235,3.98198188235294,995.4954705882351,125000.0,50.0,31.621188308339633,13.654343529411763,DTE1_p95_w10_neutral,250000,kelly,0.25,0.8749907193223191,0.21874767983057977,,
8.572034624361132,29164.0,3982.235294117647,9954.95470588235,3.98198188235294,995.4954705882351,125000.0,50.0,31.621188308339633,13.654343529411763,DTE1_p95_w10_neutral,250000,kelly,0.5,0.8749907193223191,0.43749535966115954,,
4997.49618600254,50.0,50.0,145740.72511743326,58.29629004697331,14574.072511743325,125000.0,50.0,31.622668111841378,99.94992372005079,DTE1_p95_w10_neutral,250000,risk_based,,,,2.0,1166.0
7496.24427900381,33.0,33.0,144283.31786625893,57.71332714650358,14428.331786625895,125000.0,50.0,31.622667015984387,98.9504244828503,DTE1_p95_w10_neutral,250000,risk_based,,,,3.0,1749.0
1000.0,500.0,500.0,1351.7133667168896,0.2703426733433779,67.58566833584449,2035.8582232857707,0.40717164465715416,31.599382014206654,100.0,DTE1_p95_w10_neutral,500000,fixed,,,,,
8.572034624361132,58329.0,3982.235294117647,9954.95470588235,1.99099094117647,497.74773529411755,250000.0,50.0,31.619600014995463,6.827171764705882,DTE1_p95_w10_neutral,500000,kelly,0.25,0.8749907193223191,0.21874767983057977,,
8.572034624361132,58329.0,3982.235294117647,9954.95470588235,1.99099094117647,497.74773529411755,250000.0,50.0,31.619600014995463,6.827171764705882,DTE1_p95_w10_neutral,500000,kelly,0.5,0.8749907193223191,0.43749535966115954,,
9999.27838931726,50.0,50.0,291606.4422804218,58.32128845608435,14580.32211402109,250000.0,50.0,31.62266815834368,99.99278389317261,DTE1_p95_w10_neutral,500000,risk_based,,,,2.0,2333.0
14996.774575319801,33.0,33.0,288649.13048258435,57.72982609651687,14432.456524129218,250000.0,50.0,31.62266704730354,98.97871219711068,DTE1_p95_w10_neutral,500000,risk_based,,,,3.0,3499.0
1000.0,25.0,25.0,269.56915436029703,1.0782766174411882,269.56915436029703,685.9724988337235,2.743889995334894,31.61691117233288,100.0,DTE1_p97_w50_neutral,25000,fixed,,,,,
55.4321211178766,451.0,451.0,4499.279194278196,17.997116777112783,4499.279194278196,12500.0,50.0,31.62242518120913,99.9995464966494,DTE1_p97_w50_neutral,25000,kelly,0.25,0.8953738936988841,0.22384347342472102,,
55.4321211178766,451.0,451.0,4499.279194278196,17.997116777112783,4499.279194278196,12500.0,50.0,31.62242518120913,99.9995464966494,DTE1_p97_w50_neutral,25000,kelly,0.5,0.8953738936988841,0.44768694684944205,,
498.8890900608894,50.0,50.0,8978.605930932097,35.91442372372839,8978.605930932097,12500.0,50.0,31.622600500979267,99.77781801217787,DTE1_p97_w50_neutral,25000,risk_based,,,,2.0,18.0
748.333635091334,33.0,33.0,8888.819871622776,35.5552794864911,8888.819871622776,12500.0,50.0,31.622598722184282,98.78003983205609,DTE1_p97_w50_neutral,25000,risk_based,,,,3.0,27.0
1000.0,50.0,50.0,539.1383087205941,1.0782766174411882,269.56915436029703,1371.944997667447,2.743889995334894,31.61691117233288,100.0,DTE1_p97_w50_neutral,50000,fixed,,,,,
55.4321211178766,902.0,902.0,8998.558388556392,17.997116777112783,4499.279194278196,25000.0,50.0,31.62242518120913,99.9995464966494,DTE1_p97_w50_neutral,50000,kelly,0.25,0.8953738936988841,0.22384347342472102,,
55.4321211178766,902.0,902.0,8998.558388556392,17.997116777112783,4499.279194278196,25000.0,50.0,31.62242518120913,99.9995464966494,DTE1_p97_w50_neutral,50000,kelly,0.5,0.8953738936988841,0.44768694684944205,,
997.7781801217787,50.0,50.0,17957.211861864194,35.91442372372839,8978.605930932097,25000.0,50.0,31.622600500979267,99.77781801217787,DTE1_p97_w50_neutral,50000,risk_based,,,,2.0,36.0
1496.667270182668,33.0,33.0,17777.639743245552,35.5552794864911,8888.819871622776,25000.0,50.0,31.622598722184282,98.78003983205609,DTE1_p97_w50_neutral,50000,risk_based,,,,3.0,54.0
1000.0,100.0,100.0,1078.2766174411881,1.0782766174411882,269.56915436029703,2743.889995334894,2.743889995334894,31.61691117233288,100.0,DTE1_p97_w50_neutral,100000,fixed,,,,,
55.4321211178766,1804.0,1804.0,17997.116777112784,17.997116777112783,4499.279194278196,50000.0,50.0,31.62242518120913,99.9995464966494,DTE1_p97_w50_neutral,100000,kelly,0.25,0.8953738936988841,0.22384347342472102,,
55.4321211178766,1804.0,1804.0,17997.116777112784,17.997116777112783,4499.279194278196,50000.0,50.0,31.62242518120913,99.9995464966494,DTE1_p97_w50_neutral,100000,kelly,0.5,0.8953738936988841,0.44768694684944205,,
1995.5563602435575,50.0,50.0,35914.42372372839,35.91442372372839,8978.605930932097,50000.0,50.0,31.622600500979267,99.77781801217787,DTE1_p97_w50_neutral,100000,risk_based,,,,2.0,72.0
2993.334540365336,33.0,33.0,35555.279486491105,35.5552794864911,8888.819871622776,50000.0,50.0,31.622598722184282,98.78003983205609,DTE1_p97_w50_neutral,100000,risk_based,,,,3.0,108.0
1000.0,250.0,250.0,2695.6915436029703,1.0782766174411882,269.56915436029703,6859.724988337235,2.743889995334894,31.61691117233288,100.0,DTE1_p97_w50_neutral,250000,fixed,,,,,
55.4321211178766,4510.0,4510.0,44992.79194278196,17.997116777112783,4499.279194278196,125000.0,50.0,31.62242518120913,99.99954649664939,DTE1_p97_w50_neutral,250000,kelly,0.25,0.8953738936988841,0.22384347342472102,,
55.4321211178766,4510.0,4510.0,44992.79194278196,17.997116777112783,4499.279194278196,125000.0,50.0,31.62242518120913,99.99954649664939,DTE1_p97_w50_neutral,250000,kelly,0.5,0.8953738936988841,0.44768694684944205,,
4988.890900608893,50.0,50.0,89786.05930932098,35.91442372372839,8978.605930932097,125000.0,50.0,31.622600500979267,99.77781801217786,DTE1_p97_w50_neutral,250000,risk_based,,,,2.0,180.0
7483.3363509133405,33.0,33.0,88888.19871622777,35.5552794864911,8888.819871622778,125000.0,50.0,31.62259872218429,98.78003983205609,DTE1_p97_w50_neutral,250000,risk_based,,,,3.0,270.0
1000.0,500.0,500.0,5391.383087205941,1.0782766174411882,269.56915436029703,13719.44997667447,2.743889995334894,31.61691117233288,100.0,DTE1_p97_w50_neutral,500000,fixed,,,,,
55.4321211178766,9020.0,9020.0,89985.58388556392,17.997116777112783,4499.279194278196,250000.0,50.0,31.62242518120913,99.99954649664939,DTE1_p97_w50_neutral,500000,kelly,0.25,0.8953738936988841,0.22384347342472102,,
55.4321211178766,9020.0,9020.0,89985.58388556392,17.997116777112783,4499.279194278196,250000.0,50.0,31.62242518120913,99.99954649664939,DTE1_p97_w50_neutral,500000,kelly,0.5,0.8953738936988841,0.44768694684944205,,
9977.781801217787,50.0,50.0,179572.11861864195,35.91442372372839,8978.605930932097,250000.0,50.0,31.622600500979267,99.77781801217786,DTE1_p97_w50_neutral,500000,risk_based,,,,2.0,360.0
14994.388762385619,33.0,33.0,178105.61298325637,35.621122596651276,8905.280649162818,250000.0,50.0,31.62259905098187,98.96296583174508,DTE1_p97_w50_neutral,500000,risk_based,,,,3.0,541.0
1000.0,25.0,25.0,180.27184497723596,0.7210873799089438,180.27184497723593,350.11360685157274,1.4004544274062911,31.614005743260034,100.0,DTE1_p95_w30_neutral,25000,fixed,,,,,
29.48325110329031,847.0,847.0,5514.51765782219,22.05807063128876,5514.51765782219,12500.0,50.0,31.62248987872302,99.88925473794758,DTE1_p95_w30_neutral,25000,kelly,0.25,0.8533866575922534,0.21334666439806335,,
29.48325110329031,847.0,847.0,5514.51765782219,22.05807063128876,5514.51765782219,12500.0,50.0,31.62248987872302,99.88925473794758,DTE1_p95_w30_neutral,25000,kelly,0.5,0.8533866575922534,0.4266933287961267,,
486.4736432042901,51.0,51.0,10957.41820320513,43.82967281282052,10957.41820320513,12500.0,50.0,31.622632303200273,99.24062321367518,DTE1_p95_w30_neutral,25000,risk_based,,,,2.0,33.0
737.0812775822577,33.0,33.0,10742.566865887384,42.97026746354953,10742.566865887384,12500.0,50.0,31.6226294172306,97.29472864085801,DTE1_p95_w30_neutral,25000,risk_based,,,,3.0,50.0
1000.0,50.0,50.0,360.5436899544719,0.7210873799089438,180.27184497723593,700.2272137031455,1.4004544274062911,31.614005743260034,100.0,DTE1_p95_w30_neutral,50000,fixed,,,,,
29.48325110329031,1695.0,1695.0,11035.545962229766,22.071091924459534,5517.772981114883,25000.0,50.0,31.622490047881104,99.94822124015414,DTE1_p95_w30_neutral,50000,kelly,0.25,0.8533866575922534,0.21334666439806335,,
29.48325110329031,1695.0,1695.0,11035.545962229766,22.071091924459534,5517.772981114883,25000.0,50.0,31.622490047881104,99.94822124015414,DTE1_p95_w30_neutral,50000,kelly,0.5,0.8533866575922534,0.4266933287961267,,
987.6889119602254,50.0,50.0,21810.66606104408,43.62133212208816,10905.33303052204,25000.0,50.0,31.622631614013486,98.76889119602254,DTE1_p95_w30_neutral,50000,risk_based,,,,2.0,67.0
1488.9041807161607,33.0,33.0,21699.985069092512,43.399970138185026,10849.992534546256,25000.0,50.0,31.622630874502413,98.26767592726661,DTE1_p95_w30_neutral,50000,risk_based,,,,3.0,101.0
1000.0,100.0,100.0,721.0873799089438,0.7210873799089438,180.27184497723593,1400.454427406291,1.4004544274062911,31.614005743260034,100.0,DTE1_p95_w30_neutral,100000,fixed,,,,,
29.48325110329031,3391.0,3391.0,22077.602571044918,22.07760257104492,5519.400642761229,50000.0,50.0,31.622490132385323,99.97770449125744,DTE1_p95_w30_neutral,100000,kelly,0.25,0.8533866575922534,0.21334666439806335,,
29.48325110329031,3391.0,3391.0,22077.602571044918,22.07760257104492,5519.400642761229,50000.0,50.0,31.622490132385323,99.97770449125744,DTE1_p95_w30_neutral,100000,kelly,0.5,0.8533866575922534,0.4266933287961267,,
1990.119449472096,50.0,50.0,43946.864451357476,43.94686445135748,10986.716112839369,50000.0,50.0,31.622632687996227,99.5059724736048,DTE1_p95_w30_neutral,100000,risk_based,,,,2.0,135.0
2992.5499869839664,33.0,33.0,43614.82147550277,43.61482147550277,10903.705368875693,50000.0,50.0,31.622631592370304,98.7541495704709,DTE1_p95_w30_neutral,100000,risk_based,,,,3.0,203.0
1000.0,250.0,250.0,1802.7184497723597,0.7210873799089439,180.271844977236,3501.1360685157274,1.4004544274062911,31.614005743260037,100.0,DTE1_p95_w30_neutral,250000,fixed,,,,,
29.48325110329031,8479.0,8479.0,55203.77239749038,22.081508958996153,5520.3772397490375,125000.0,50.0,31.622490183063935,99.99539444191942,DTE1_p95_w30_neutral,250000,kelly,0.25,0.8533866575922534,0.21334666439806335,,
29.48325110329031,8479.0,8479.0,55203.77239749038,22.081508958996153,5520.3772397490375,125000.0,50.0,31.622490183063935,99.99539444191942,DTE1_p95_w30_neutral,250000,kelly,0.5,0.8533866575922534,0.4266933287961267,,
4997.411062007708,50.0,50.0,110355.45962229765,44.14218384891907,11035.545962229766,125000.0,50.0,31.622633324782452,99.94822124015417,DTE1_p95_w30_neutral,250000,risk_based,,,,2.0,339.0
7488.7457802357385,33.0,33.0,109144.47935741581,43.657791742966324,10914.44793574158,125000.0,50.0,31.622631735096004,98.85144429911175,DTE1_p95_w30_neutral,250000,risk_based,,,,3.0,508.0
1000.0,500.0,500.0,3605.4368995447194,0.7210873799089439,180.271844977236,7002.272137031455,1.4004544274062911,31.614005743260037,100.0,DTE1_p95_w30_neutral,500000,fixed,,,,,
29.48325110329031,16958.0,10530.0,68557.10854411767,13.711421708823535,3427.855427205883,250000.0,50.0,31.622315339864656,62.09172682352939,DTE1_p95_w30_neutral,500000,kelly,0.25,0.8533866575922534,0.21334666439806335,,
29.48325110329031,16958.0,10530.0,68557.10854411767,13.711421708823535,3427.855427205883,250000.0,50.0,31.622315339864656,62.09172682352939,DTE1_p95_w30_neutral,500000,kelly,0.5,0.8533866575922534,0.4266933287961267,,
9994.822124015416,50.0,50.0,220710.9192445953,44.14218384891907,11035.545962229766,250000.0,50.0,31.622633324782452,99.94822124015417,DTE1_p95_w30_neutral,500000,risk_based,,,,2.0,678.0
14992.233186023122,33.0,33.0,218503.81005214938,43.70076201042988,10925.19050260747,250000.0,50.0,31.622631877541025,98.94873902775261,DTE1_p95_w30_neutral,500000,risk_based,,,,3.0,1017.0
1000.0,25.0,25.0,270.9784944233491,1.0839139776933964,270.9784944233491,682.4858798228347,2.729943519291339,31.61694167801781,100.0,DTE1_p98_w50_neutral,25000,fixed,,,,,
55.71313304676197,448.0,448.0,4611.331680737912,18.44532672295165,4611.331680737912,12500.0,50.0,31.622433720507694,99.83793441979745,DTE1_p98_w50_neutral,25000,kelly,0.25,0.929679770207643,0.23241994255191076,,
55.71313304676197,448.0,448.0,4611.331680737912,18.44532672295165,4611.331680737912,12500.0,50.0,31.622433720507694,99.83793441979745,DTE1_p98_w50_neutral,25000,kelly,0.5,0.929679770207643,0.4648398851038215,,
473.56163089747673,52.0,52.0,9099.145548598917,36.39658219439567,9099.145548598917,12500.0,50.0,31.622602833847942,98.50081922667516,DTE1_p98_w50_neutral,25000,risk_based,,,,2.0,17.0
724.2707296079055,34.0,34.0,9099.145548598917,36.39658219439567,9099.145548598917,12500.0,50.0,31.622602833847942,98.50081922667516,DTE1_p98_w50_neutral,25000,risk_based,,,,3.0,26.0
1000.0,50.0,50.0,541.9569888466982,1.0839139776933964,270.9784944233491,1364.9717596456694,2.729943519291339,31.61694167801781,100.0,DTE1_p98_w50_neutral,50000,fixed,,,,,
55.71313304676197,897.0,897.0,9232.9565125489,18.4659130250978,4616.47825627445,25000.0,50.0,31.622434102760952,99.94936068589098,DTE1_p98_w50_neutral,50000,kelly,0.25,0.929679770207643,0.23241994255191076,,
55.71313304676197,897.0,897.0,9232.9565125489,18.4659130250978,4616.47825627445,25000.0,50.0,31.622434102760952,99.94936068589098,DTE1_p98_w50_neutral,50000,kelly,0.5,0.929679770207643,0.4648398851038215,,
974.9798283183344,51.0,51.0,18373.27466544012,36.74654933088024,9186.63733272006,25000.0,50.0,31.622604488779714,99.44794248847012,DTE1_p98_w50_neutral,50000,risk_based,,,,2.0,35.0
1476.3980257391922,33.0,33.0,18002.721226809397,36.0054424536188,9001.360613404699,25000.0,50.0,31.622600946147035,97.4422696987867,DTE1_p98_w50_neutral,50000,risk_based,,,,3.0,53.0
1000.0,100.0,100.0,1083.9139776933964,1.0839139776933964,270.9784944233491,2729.943519291339,2.729943519291339,31.61694167801781,100.0,DTE1_p98_w50_neutral,100000,fixed,,,,,
55.71313304676197,1794.0,1794.0,18465.9130250978,18.4659130250978,4616.47825627445,50000.0,50.0,31.622434102760952,99.94936068589098,DTE1_p98_w50_neutral,100000,kelly,0.25,0.929679770207643,0.23241994255191076,,
55.71313304676197,1794.0,1794.0,18465.9130250978,18.4659130250978,4616.47825627445,50000.0,50.0,31.622434102760952,99.94936068589098,DTE1_p98_w50_neutral,100000,kelly,0.5,0.929679770207643,0.4648398851038215,,
1977.81622316005,50.0,50.0,36540.68630941873,36.54068630941873,9135.171577354682,50000.0,50.0,31.622603519129544,98.8908111580025,DTE1_p98_w50_neutral,100000,risk_based,,,,2.0,71.0
2980.6526180017654,33.0,33.0,36345.11643903029,36.34511643903029,9086.279109757572,50000.0,50.0,31.622602587787565,98.36153639405826,DTE1_p98_w50_neutral,100000,risk_based,,,,3.0,107.0
1000.0,250.0,250.0,2709.784944233491,1.0839139776933964,270.9784944233491,6824.858798228347,2.729943519291339,31.61694167801781,100.0,DTE1_p98_w50_neutral,250000,fixed,,,,,
55.71313304676197,4487.0,4487.0,46185.36886489066,18.474147545956264,4618.536886489065,125000.0,50.0,31.622434255423716,99.99393119232839,DTE1_p98_w50_neutral,250000,kelly,0.25,0.929679770207643,0.23241994255191076,,
55.71313304676197,4487.0,4487.0,46185.36886489066,18.474147545956264,4618.536886489065,125000.0,50.0,31.622434255423716,99.99393119232839,DTE1_p98_w50_neutral,250000,kelly,0.5,0.929679770207643,0.4648398851038215,,
4986.325407685196,50.0,50.0,92123.7021040275,36.849480841611,9212.37021040275,125000.0,50.0,31.62260496954202,99.72650815370393,DTE1_p98_w50_neutral,250000,risk_based,,,,2.0,179.0
7493.416394789485,33.0,33.0,91372.30207569298,36.54892083027719,9137.230207569299,125000.0,50.0,31.622603558125284,98.91309641122119,DTE1_p98_w50_neutral,250000,risk_based,,,,3.0,269.0
1000.0,500.0,500.0,5419.569888466982,1.0839139776933964,270.9784944233491,13649.717596456694,2.729943519291339,31.61694167801781,100.0,DTE1_p98_w50_neutral,500000,fixed,,,,,
55.71313304676197,8974.0,8974.0,92370.73772978132,18.474147545956264,4618.536886489065,250000.0,50.0,31.622434255423716,99.99393119232839,DTE1_p98_w50_neutral,500000,kelly,0.25,0.929679770207643,0.23241994255191076,,
55.71313304676197,8974.0,8974.0,92370.73772978132,18.474147545956264,4618.536886489065,250000.0,50.0,31.622434255423716,99.99393119232839,DTE1_p98_w50_neutral,500000,kelly,0.5,0.929679770207643,0.4648398851038215,,
9972.650815370393,50.0,50.0,184247.404208055,36.849480841611,9212.37021040275,250000.0,50.0,31.62260496954202,99.72650815370393,DTE1_p98_w50_neutral,500000,risk_based,,,,2.0,358.0
14986.83278957897,33.0,33.0,182744.60415138595,36.54892083027719,9137.230207569299,250000.0,50.0,31.622603558125284,98.91309641122119,DTE1_p98_w50_neutral,500000,risk_based,,,,3.0,538.0
1000.0,25.0,25.0,179.47180725041258,0.7178872290016504,179.47180725041258,359.85686262376265,1.4394274504950506,31.61396664509892,100.0,DTE1_p96_w30_neutral,25000,fixed,,,,,
29.988071885313527,833.0,833.0,5500.383391078795,22.00153356431518,5500.383391078795,12500.0,50.0,31.622489141934597,99.92025552186468,DTE1_p96_w30_neutral,25000,kelly,0.25,0.8800635913275061,0.22001589783187653,,
29.988071885313527,833.0,833.0,5500.383391078795,22.00153356431518,5500.383391078795,12500.0,50.0,31.622489141934597,99.92025552186468,DTE1_p96_w30_neutral,25000,kelly,0.5,0.8800635913275061,0.44003179566375306,,
494.8031861076732,50.0,50.0,10895.117161200495,43.580468644801975,10895.117161200496,12500.0,50.0,31.622631478064967,98.96063722153463,DTE1_p96_w30_neutral,25000,risk_based,,,,2.0,33.0
749.7017971328381,33.0,33.0,10895.117161200495,43.580468644801975,10895.117161200496,12500.0,50.0,31.622631478064967,98.96063722153463,DTE1_p96_w30_neutral,25000,risk_based,,,,3.0,50.0
1000.0,50.0,50.0,358.94361450082516,0.7178872290016504,179.47180725041258,719.7137252475253,1.4394274504950506,31.61396664509892,100.0,DTE1_p96_w30_neutral,50000,fixed,,,,,
29.988071885313527,1667.0,1667.0,11007.369883467409,22.014739766934817,5503.684941733703,25000.0,50.0,31.622489314375954,99.98023166563529,DTE1_p96_w30_neutral,50000,kelly,0.25,0.8800635913275061,0.22001589783187653,,
29.988071885313527,1667.0,1667.0,11007.369883467409,22.014739766934817,5503.684941733703,25000.0,50.0,31.622489314375954,99.98023166563529,DTE1_p96_w30_neutral,50000,kelly,0.5,0.8800635913275061,0.44003179566375306,,
989.6063722153464,50.0,50.0,21790.23432240099,43.580468644801975,10895.117161200496,25000.0,50.0,31.622631478064967,98.96063722153463,DTE1_p96_w30_neutral,50000,risk_based,,,,2.0,66.0
1499.4035942656762,33.0,33.0,21790.23432240099,43.580468644801975,10895.117161200496,25000.0,50.0,31.622631478064967,98.96063722153463,DTE1_p96_w30_neutral,50000,risk_based,,,,3.0,100.0
1000.0,100.0,100.0,717.8872290016503,0.7178872290016504,179.47180725041258,1439.4274504950506,1.4394274504950506,31.61396664509892,100.0,DTE1_p96_w30_neutral,100000,fixed,,,,,
29.988071885313527,3334.0,3334.0,22014.739766934817,22.014739766934817,5503.684941733703,50000.0,50.0,31.622489314375954,99.98023166563529,DTE1_p96_w30_neutral,100000,kelly,0.25,0.8800635913275061,0.22001589783187653,,
29.988071885313527,3334.0,3334.0,22014.739766934817,22.014739766934817,5503.684941733703,50000.0,50.0,31.622489314375954,99.98023166563529,DTE1_p96_w30_neutral,100000,kelly,0.5,0.8800635913275061,0.44003179566375306,,
1994.2067803733496,50.0,50.0,43910.6237102929,43.9106237102929,10977.655927573223,50000.0,50.0,31.62263256921998,99.71033901866748,DTE1_p96_w30_neutral,100000,risk_based,,,,2.0,133.0
2998.8071885313525,33.0,33.0,43580.46864480198,43.580468644801975,10895.117161200496,50000.0,50.0,31.622631478064967,98.96063722153463,DTE1_p96_w30_neutral,100000,risk_based,,,,3.0,200.0
1000.0,250.0,250.0,1794.7180725041255,0.7178872290016503,179.47180725041255,3598.5686262376266,1.4394274504950506,31.61396664509892,100.0,DTE1_p96_w30_neutral,250000,fixed,,,,,
29.988071885313527,8336.0,8336.0,55043.45251864686,22.017381007458745,5504.345251864686,125000.0,50.0,31.622489348839405,99.99222689438942,DTE1_p96_w30_neutral,250000,kelly,0.25,0.8800635913275061,0.22001589783187653,,
29.988071885313527,8336.0,8336.0,55043.45251864686,22.017381007458745,5504.345251864686,125000.0,50.0,31.622489348839405,99.99222689438942,DTE1_p96_w30_neutral,250000,kelly,0.5,0.8800635913275061,0.44003179566375306,,
4993.013968904702,50.0,50.0,109941.63680847772,43.97665472339109,10994.16368084777,125000.0,50.0,31.622632785484942,99.86027937809403,DTE1_p96_w30_neutral,250000,risk_based,,,,2.0,333.0
7497.0179713283815,33.0,33.0,108951.17161200495,43.58046864480198,10895.117161200496,125000.0,50.0,31.62263147806496,98.96063722153463,DTE1_p96_w30_neutral,250000,risk_based,,,,3.0,500.0
1000.0,500.0,500.0,3589.436145008251,0.7178872290016503,179.47180725041255,7197.137252475253,1.4394274504950506,31.61396664509892,100.0,DTE1_p96_w30_neutral,500000,fixed,,,,,
29.988071885313527,16673.0,9696.0,64023.6703,12.804734060000001,3201.1835149999997,250000.0,50.0,31.622282678476115,58.152868999999995,DTE1_p96_w30_neutral,500000,kelly,0.25,0.8800635913275061,0.22001589783187653,,
29.988071885313527,16673.0,9696.0,64023.6703,12.804734060000001,3201.1835149999997,250000.0,50.0,31.622282678476115,58.152868999999995,DTE1_p96_w30_neutral,500000,kelly,0.5,0.8800635913275061,0.44003179566375306,,
9986.027937809404,50.0,50.0,219883.27361695544,43.97665472339109,10994.16368084777,250000.0,50.0,31.622632785484942,99.86027937809403,DTE1_p96_w30_neutral,500000,risk_based,,,,2.0,666.0
14994.035942656763,33.0,33.0,217902.3432240099,43.58046864480198,10895.117161200496,250000.0,50.0,31.62263147806496,98.96063722153463,DTE1_p96_w30_neutral,500000,risk_based,,,,3.0,1000.0
1000.0,25.0,25.0,179.64229924311294,0.7185691969724518,179.64229924311294,375.11138865881526,1.500445554635261,31.613975006309282,100.0,DTE1_p97_w30_neutral,25000,fixed,,,,,
30.312031406772924,824.0,824.0,5557.5931761109205,22.23037270444368,5557.5931761109205,12500.0,50.0,31.622492101041164,99.90845551672355,DTE1_p97_w30_neutral,25000,kelly,0.25,0.9087387561161293,0.22718468902903233,,
30.312031406772924,824.0,824.0,5557.5931761109205,22.23037270444368,5557.5931761109205,12500.0,50.0,31.622492101041164,99.90845551672355,DTE1_p97_w30_neutral,25000,kelly,0.5,0.9087387561161293,0.45436937805806465,,
484.9925025083668,51.0,51.0,11007.271921617745,44.02908768647098,11007.271921617745,12500.0,50.0,31.622632956751488,98.93847051170683,DTE1_p97_w30_neutral,25000,risk_based,,,,2.0,32.0
742.6447694659366,33.0,33.0,10906.102142926406,43.62440857170562,10906.102142926406,12500.0,50.0,31.6226316242382,98.02910956950363,DTE1_p97_w30_neutral,25000,risk_based,,,,3.0,49.0
1000.0,50.0,50.0,359.2845984862259,0.7185691969724518,179.64229924311294,750.2227773176305,1.500445554635261,31.613975006309282,100.0,DTE1_p97_w30_neutral,50000,fixed,,,,,
30.312031406772924,1649.0,1649.0,11121.931004134596,22.24386200826919,5560.965502067297,25000.0,50.0,31.622492273570355,99.96907957953711,DTE1_p97_w30_neutral,50000,kelly,0.25,0.9087387561161293,0.22718468902903233,,
30.312031406772924,1649.0,1649.0,11121.931004134596,22.24386200826919,5560.965502067297,25000.0,50.0,31.622492273570355,99.96907957953711,DTE1_p97_w30_neutral,50000,kelly,0.5,0.9087387561161293,0.45436937805806465,,
985.1410207201201,50.0,50.0,21920.118716456906,43.84023743291381,10960.059358228453,25000.0,50.0,31.622632337973318,98.51410207201201,DTE1_p97_w30_neutral,50000,risk_based,,,,2.0,65.0
1485.2895389318733,33.0,33.0,21812.20428585281,43.62440857170562,10906.102142926406,25000.0,50.0,31.6226316242382,98.02910956950363,DTE1_p97_w30_neutral,50000,risk_based,,,,3.0,98.0
1000.0,100.0,100.0,718.5691969724518,0.7185691969724518,179.64229924311294,1500.445554635261,1.500445554635261,31.613975006309282,100.0,DTE1_p97_w30_neutral,100000,fixed,,,,,
30.312031406772924,3299.0,3299.0,22250.60666018195,22.25060666018195,5562.651665045488,50000.0,50.0,31.622492359756507,99.99939161094387,DTE1_p97_w30_neutral,100000,kelly,0.25,0.9087387561161293,0.22718468902903233,,
30.312031406772924,3299.0,3299.0,22250.60666018195,22.25060666018195,5562.651665045488,50000.0,50.0,31.622492359756507,99.99939161094387,DTE1_p97_w30_neutral,100000,kelly,0.5,0.9087387561161293,0.45436937805806465,,
1985.4380571436266,50.0,50.0,44177.470028551616,44.17747002855161,11044.367507137904,50000.0,50.0,31.62263343922302,99.27190285718133,DTE1_p97_w30_neutral,100000,risk_based,,,,2.0,131.0
2985.735093567133,33.0,33.0,43846.98208482657,43.84698208482657,10961.745521206643,50000.0,50.0,31.62263236016432,98.52925808771538,DTE1_p97_w30_neutral,100000,risk_based,,,,3.0,197.0
1000.0,250.0,250.0,1796.4229924311296,0.7185691969724519,179.64229924311294,3751.1138865881526,1.500445554635261,31.613975006309275,100.0,DTE1_p97_w30_neutral,250000,fixed,,,,,
30.312031406772924,8247.0,8247.0,55623.1443244985,22.2492577297994,5562.31443244985,125000.0,50.0,31.622492342523458,99.99332920466252,DTE1_p97_w30_neutral,250000,kelly,0.25,0.9087387561161293,0.22718468902903233,,
30.312031406772924,8247.0,8247.0,55623.1443244985,22.2492577297994,5562.31443244985,125000.0,50.0,31.622492342523458,99.99332920466252,DTE1_p97_w30_neutral,250000,kelly,0.5,0.9087387561161293,0.45436937805806465,,
4986.329166414146,50.0,50.0,110949.52396483572,44.37980958593429,11094.952396483572,125000.0,50.0,31.622634091939403,99.72658332828293,DTE1_p97_w30_neutral,250000,risk_based,,,,2.0,329.0
7487.071757472912,33.0,33.0,109951.31548174785,43.98052619269914,10995.131548174786,125000.0,50.0,31.622632798144647,98.82934719864244,DTE1_p97_w30_neutral,250000,risk_based,,,,3.0,494.0
1000.0,500.0,500.0,3592.8459848622592,0.7185691969724519,179.64229924311294,7502.227773176305,1.500445554635261,31.613975006309275,100.0,DTE1_p97_w30_neutral,500000,fixed,,,,,
30.312031406772924,16495.0,9281.4375,62600.065187500004,12.5200130375,3130.003259375,250000.0,50.0,31.622271446034084,56.267844999999994,DTE1_p97_w30_neutral,500000,kelly,0.25,0.9087387561161293,0.22718468902903233,,
30.312031406772924,16495.0,9281.4375,62600.065187500004,12.5200130375,3130.003259375,250000.0,50.0,31.622271446034084,56.267844999999994,DTE1_p97_w30_neutral,500000,kelly,0.5,0.9087387561161293,0.45436937805806465,,
9987.814348531678,50.0,50.0,222236.28052530927,44.447256105061854,11111.814026265463,250000.0,50.0,31.62263430819091,99.87814348531677,DTE1_p97_w30_neutral,500000,risk_based,,,,2.0,659.0
14989.29953064921,33.0,33.0,220125.20447661664,44.02504089532332,11006.260223830834,250000.0,50.0,31.622632943547625,98.92937690228479,DTE1_p97_w30_neutral,500000,risk_based,,,,3.0,989.0
1000.0,25.0,25.0,124.79253010137562,0.4991701204055025,124.79253010137563,224.23475686637332,0.8969390274654934,31.610106461661793,100.0,DTE1_p95_w20_neutral,25000,fixed,,,,,
18.882926894010367,1323.0,1323.0,6010.695526296374,24.042782105185495,6010.695526296374,12500.0,50.0,31.62251354746267,99.92844912310287,DTE1_p95_w20_neutral,25000,kelly,0.25,0.8605798099990738,0.21514495249976845,,
18.882926894010367,1323.0,1323.0,6010.695526296374,24.042782105185495,6010.695526296374,12500.0,50.0,31.62251354746267,99.92844912310287,DTE1_p95_w20_neutral,25000,kelly,0.5,0.8605798099990738,0.4302899049995369,,
490.9560992442696,50.0,50.0,11812.402394837924,47.24960957935169,11812.402394837924,12500.0,50.0,31.622642747555123,98.19121984885392,DTE1_p95_w20_neutral,25000,risk_based,,,,2.0,52.0
745.8756123134095,33.0,33.0,11844.20501667018,47.37682006668072,11844.20501667018,12500.0,50.0,31.62264310696398,98.45558082537005,DTE1_p95_w20_neutral,25000,risk_based,,,,3.0,79.0
1000.0,50.0,50.0,249.58506020275124,0.4991701204055025,124.79253010137563,448.46951373274663,0.8969390274654934,31.610106461661793,100.0,DTE1_p95_w20_neutral,50000,fixed,,,,,
18.882926894010367,2647.0,2647.0,12025.93428428307,24.05186856856614,6012.967142141535,25000.0,50.0,31.62251364684092,99.96621497689088,DTE1_p95_w20_neutral,50000,kelly,0.25,0.8605798099990738,0.21514495249976845,,
18.882926894010367,2647.0,2647.0,12025.93428428307,24.05186856856614,6012.967142141535,25000.0,50.0,31.62251364684092,99.96621497689088,DTE1_p95_w20_neutral,50000,kelly,0.5,0.8605798099990738,0.4302899049995369,,
991.3536619355443,50.0,50.0,23851.96637419196,47.70393274838392,11925.98318709598,25000.0,50.0,31.62264402235635,99.13536619355445,DTE1_p95_w20_neutral,50000,risk_based,,,,2.0,105.0
1491.751224626819,33.0,33.0,23688.41003334036,47.37682006668072,11844.20501667018,25000.0,50.0,31.62264310696398,98.45558082537005,DTE1_p95_w20_neutral,50000,risk_based,,,,3.0,158.0
1000.0,100.0,100.0,499.1701204055025,0.4991701204055025,124.79253010137563,896.9390274654933,0.8969390274654934,31.610106461661793,100.0,DTE1_p95_w20_neutral,100000,fixed,,,,,
18.882926894010367,5295.0,5295.0,24056.41180025646,24.056411800256463,6014.102950064115,50000.0,50.0,31.622513696501887,99.98509790378489,DTE1_p95_w20_neutral,100000,kelly,0.25,0.8605798099990738,0.21514495249976845,,
18.882926894010367,5295.0,5295.0,24056.41180025646,24.056411800256463,6014.102950064115,50000.0,50.0,31.622513696501887,99.98509790378489,DTE1_p95_w20_neutral,100000,kelly,0.5,0.8605798099990738,0.4302899049995369,,
1992.1487873180938,50.0,50.0,47931.09433290004,47.93109433290004,11982.77358322501,50000.0,50.0,31.622644650694394,99.6074393659047,DTE1_p95_w20_neutral,100000,risk_based,,,,2.0,211.0
2992.943912700643,33.0,33.0,47526.746712461354,47.52674671246135,11881.686678115339,50000.0,50.0,31.622643528082975,98.76714911912123,DTE1_p95_w20_neutral,100000,risk_based,,,,3.0,317.0
1000.0,250.0,250.0,1247.925301013756,0.4991701204055024,124.7925301013756,2242.347568663733,0.8969390274654931,31.610106461661793,100.0,DTE1_p95_w20_neutral,250000,fixed,,,,,
18.882926894010367,13239.0,7534.588235294118,34231.38004411764,13.692552017647058,3423.138004411764,125000.0,50.0,31.62231470420024,56.91003152941177,DTE1_p95_w20_neutral,250000,kelly,0.25,0.8605798099990738,0.21514495249976845,,
18.882926894010367,13239.0,7534.588235294118,34231.38004411764,13.692552017647058,3423.138004411764,125000.0,50.0,31.62231470420024,56.91003152941177,DTE1_p95_w20_neutral,250000,kelly,0.5,0.8605798099990738,0.4302899049995369,,
4994.5341634657425,50.0,50.0,120168.47820902425,48.0673912836097,12016.847820902425,125000.0,50.0,31.622645024846538,99.89068326931485,DTE1_p95_w20_neutral,250000,risk_based,,,,2.0,529.0
7496.521976922116,33.0,33.0,119041.75674982433,47.61670269992973,11904.175674982433,125000.0,50.0,31.622643779481468,98.95409009537192,DTE1_p95_w20_neutral,250000,risk_based,,,,3.0,794.0
1000.0,500.0,500.0,2495.850602027512,0.4991701204055024,124.7925301013756,4484.695137327466,0.8969390274654931,31.610106461661793,100.0,DTE1_p95_w20_neutral,500000,fixed,,,,,
18.882926894010367,26478.0,7534.588235294118,34231.38004411764,6.846276008823529,1711.569002205882,250000.0,50.0,31.621852806716692,28.455015764705884,DTE1_p95_w20_neutral,500000,kelly,0.25,0.8605798099990738,0.21514495249976845,,
18.882926894010367,26478.0,7534.588235294118,34231.38004411764,6.846276008823529,1711.569002205882,250000.0,50.0,31.621852806716692,28.455015764705884,DTE1_p95_w20_neutral,500000,kelly,0.5,0.8605798099990738,0.4302899049995369,,
9998.50979037849,50.0,50.0,240564.11800256462,48.112823600512925,12028.20590012823,250000.0,50.0,31.622645149092843,99.9850979037849,DTE1_p95_w20_neutral,500000,risk_based,,,,2.0,1059.0
14993.043953844232,33.0,33.0,238083.51349964866,47.61670269992973,11904.175674982433,250000.0,50.0,31.622643779481468,98.95409009537192,DTE1_p95_w20_neutral,500000,risk_based,,,,3.0,1588.0
1000.0,25.0,8.0,103.87735999999998,0.4155094399999999,103.87735999999998,558.3840000000006,2.233536000000002,31.607555394386228,32.0,DTE10_p96_w100_neutral,25000,fixed,,,,,
145.41250000000002,171.0,8.0,81.54199999999996,0.32616799999999985,81.54199999999996,12500.0,50.0,31.603386117883,4.6532,DTE10_p96_w100_neutral,25000,kelly,0.25,0.7468926036180441,0.18672315090451103,,
145.41250000000002,171.0,8.0,81.54199999999996,0.32616799999999985,81.54199999999996,12500.0,50.0,31.603386117883,4.6532,DTE10_p96_w100_neutral,25000,kelly,0.5,0.7468926036180441,0.37344630180902205,,
436.23750000000007,57.0,8.0,489.2519999999997,1.957007999999999,489.25199999999967,12500.0,50.0,31.61954485438366,13.959600000000002,DTE10_p96_w100_neutral,25000,risk_based,,,,2.0,6.0
727.0625000000001,34.0,8.0,815.4199999999996,3.261679999999999,815.4199999999996,12500.0,50.0,31.620837553303712,23.266000000000002,DTE10_p96_w100_neutral,25000,risk_based,,,,3.0,10.0
1000.0,50.0,8.0,103.87735999999998,0.20775471999999995,51.93867999999999,558.3840000000006,1.116768000000001,31.59233418708866,16.0,DTE10_p96_w100_neutral,50000,fixed,,,,,
145.41250000000002,343.0,8.0,81.54199999999996,0.16308399999999992,40.77099999999998,13959.600000000002,27.919200000000004,31.58399563408221,2.3266,DTE10_p96_w100_neutral,50000,kelly,0.25,0.7468926036180441,0.18672315090451103,,
145.41250000000002,343.0,8.0,81.54199999999996,0.16308399999999992,40.77099999999998,13959.600000000002,27.919200000000004,31.58399563408221,2.3266,DTE10_p96_w100_neutral,50000,kelly,0.5,0.7468926036180441,0.37344630180902205,,
945.1812500000001,52.0,8.0,1060.0459999999994,2.1200919999999988,530.0229999999997,25000.0,50.0,31.619793450329826,15.1229,DTE10_p96_w100_neutral,50000,risk_based,,,,2.0,13.0
1454.1250000000002,34.0,8.0,1630.8399999999992,3.261679999999999,815.4199999999996,25000.0,50.0,31.620837553303712,23.266000000000002,DTE10_p96_w100_neutral,50000,risk_based,,,,3.0,20.0
1000.0,100.0,8.0,103.87735999999998,0.10387735999999997,25.969339999999995,558.3840000000006,0.5583840000000005,31.56189177249352,8.0,DTE10_p96_w100_neutral,100000,fixed,,,,,
145.41250000000002,687.0,8.0,81.54199999999996,0.08154199999999996,20.38549999999999,13959.600000000002,13.959600000000002,31.54521466648062,1.1633,DTE10_p96_w100_neutral,100000,kelly,0.25,0.7468926036180441,0.18672315090451103,,
145.41250000000002,687.0,8.0,81.54199999999996,0.08154199999999996,20.38549999999999,13959.600000000002,13.959600000000002,31.54521466648062,1.1633,DTE10_p96_w100_neutral,100000,kelly,0.5,0.7468926036180441,0.37344630180902205,,
1963.0687500000004,50.0,8.0,2201.633999999999,2.201633999999999,550.4084999999998,50000.0,50.0,31.619903937417014,15.704550000000003,DTE10_p96_w100_neutral,100000,risk_based,,,,2.0,27.0
2980.9562500000006,33.0,8.0,3343.2219999999984,3.3432219999999986,835.8054999999997,50000.0,50.0,31.62088484716665,23.847650000000005,DTE10_p96_w100_neutral,100000,risk_based,,,,3.0,41.0
1000.0,250.0,8.0,103.87735999999998,0.04155094399999999,10.387735999999999,558.3840000000006,0.22335360000000026,31.470564528708106,3.2,DTE10_p96_w100_neutral,250000,fixed,,,,,
145.41250000000002,1719.0,8.0,81.54199999999996,0.03261679999999998,8.154199999999996,13959.600000000002,5.583840000000001,31.428871763675872,0.46532000000000007,DTE10_p96_w100_neutral,250000,kelly,0.25,0.7468926036180441,0.18672315090451103,,
145.41250000000002,1719.0,8.0,81.54199999999996,0.03261679999999998,8.154199999999996,13959.600000000002,5.583840000000001,31.428871763675872,0.46532000000000007,DTE10_p96_w100_neutral,250000,kelly,0.5,0.7468926036180441,0.37344630180902205,,
4944.025000000001,50.0,8.0,5544.855999999997,2.2179423999999988,554.4855999999997,125000.0,50.0,31.619925059948386,15.82088,DTE10_p96_w100_neutral,250000,risk_based,,,,2.0,68.0
7488.7437500000015,33.0,8.0,8398.825999999995,3.359530399999998,839.8825999999996,125000.0,50.0,31.620894030441004,23.963980000000003,DTE10_p96_w100_neutral,250000,risk_based,,,,3.0,103.0
1000.0,500.0,8.0,103.87735999999998,0.020775471999999996,5.193867999999999,558.3840000000006,0.11167680000000013,31.31835245573242,1.6,DTE10_p96_w100_neutral,500000,fixed,,,,,
145.41250000000002,3438.0,8.0,81.54199999999996,0.01630839999999999,4.077099999999998,13959.600000000002,2.7919200000000006,31.234966925667955,0.23266000000000003,DTE10_p96_w100_neutral,500000,kelly,0.25,0.7468926036180441,0.18672315090451103,,
145.41250000000002,3438.0,8.0,81.54199999999996,0.01630839999999999,4.077099999999998,13959.600000000002,2.7919200000000006,31.234966925667955,0.23266000000000003,DTE10_p96_w100_neutral,500000,kelly,0.5,0.7468926036180441,0.37344630180902205,,
9960.756250000002,50.0,8.0,11171.253999999994,2.2342507999999985,558.5626999999997,250000.0,50.0,31.619945874121644,15.937210000000004,DTE10_p96_w100_neutral,500000,risk_based,,,,2.0,137.0
14977.487500000003,33.0,8.0,16797.65199999999,3.359530399999998,839.8825999999996,250000.0,50.0,31.620894030441004,23.963980000000003,DTE10_p96_w100_neutral,500000,risk_based,,,,3.0,206.0
