dte,band,band_description,max_width_cap,time_pst,time_et,time_bucket_id,time_bucket,spread_type,flow_mode,spread_width,n_trades,win_rate_pct,avg_credit,avg_max_risk,n_contracts,avg_credit_30k,roi_pct,avg_pnl,avg_pnl_30k,total_pnl_30k,median_pnl,min_pnl,max_pnl,pnl_std,sharpe,avg_hold_days,pass_win_rate,pass_roi,pass_min_trades,pass_sharpe,pass_avg_pnl,successful,score_balanced,score_risk_adjusted,capital_efficiency,score_capital_efficient
3,P98,1.0/99.0 pct of 100d moves,69,07:30,10:30,B,B: 07:00-08:45 PST / 10:00-11:45 ET (15-min),iron_condor,against_flow,10,58,91.4,21575.71,5480.97,5,107878.55,393.65,802.49,4012.45,232722.1,209.0,-997.0,7597.0,1616.82,0.496,2.7,True,True,True,True,True,True,168.755,80.56,0.14641386469913173,17.121386469913173
3,P98,1.0/99.0 pct of 100d moves,69,07:30,10:30,B,B: 07:00-08:45 PST / 10:00-11:45 ET (15-min),iron_condor,with_flow,10,58,91.4,21575.71,5480.97,5,107878.55,393.65,802.49,4012.45,232722.1,209.0,-997.0,7597.0,1616.82,0.496,2.7,True,True,True,True,True,True,168.755,80.56,0.14641386469913173,17.121386469913173
3,P98,1.0/99.0 pct of 100d moves,69,07:30,10:30,B,B: 07:00-08:45 PST / 10:00-11:45 ET (15-min),iron_condor,with_flow,5,58,91.4,21560.45,5480.97,5,107802.25,393.37,794.86,3974.3,230509.4,209.0,-997.0,7597.0,1615.29,0.492,2.7,True,True,True,True,True,True,168.631,80.5,0.14502177534268568,16.96217753426857
3,P98,1.0/99.0 pct of 100d moves,69,07:30,10:30,B,B: 07:00-08:45 PST / 10:00-11:45 ET (15-min),iron_condor,against_flow,5,58,91.4,21560.45,5480.97,5,107802.25,393.37,794.86,3974.3,230509.4,209.0,-997.0,7597.0,1615.29,0.492,2.7,True,True,True,True,True,True,168.631,80.5,0.14502177534268568,16.96217753426857
3,P99,0.5/99.5 pct of 100d moves,86,07:30,10:30,B,B: 07:00-08:45 PST / 10:00-11:45 ET (15-min),iron_condor,with_flow,10,49,91.8,24884.82,6442.16,4,99539.28,386.28,644.79,2579.16,126378.8,111.5,-1416.0,7906.0,1508.55,0.427,2.7,True,True,True,True,True,True,166.05399999999997,79.845,0.10008910055012604,12.143910055012604
3,P99,0.5/99.5 pct of 100d moves,86,07:30,10:30,B,B: 07:00-08:45 PST / 10:00-11:45 ET (15-min),iron_condor,against_flow,10,49,91.8,24884.82,6442.16,4,99539.28,386.28,644.79,2579.16,126378.8,111.5,-1416.0,7906.0,1508.55,0.427,2.7,True,True,True,True,True,True,166.05399999999997,79.845,0.10008910055012604,12.143910055012604
3,P99,0.5/99.5 pct of 100d moves,86,07:30,10:30,B,B: 07:00-08:45 PST / 10:00-11:45 ET (15-min),iron_condor,with_flow,5,48,91.7,25347.9,6553.4,4,101391.6,386.79,630.54,2522.16,121063.7,98.5,-1416.0,7906.0,1524.86,0.414,2.6,True,True,True,True,True,True,166.02700000000002,79.57,0.09621570482497635,11.691570482497635
3,P99,0.5/99.5 pct of 100d moves,86,07:30,10:30,B,B: 07:00-08:45 PST / 10:00-11:45 ET (15-min),iron_condor,against_flow,5,48,91.7,25347.9,6553.4,4,101391.6,386.79,630.54,2522.16,121063.7,98.5,-1416.0,7906.0,1524.86,0.414,2.6,True,True,True,True,True,True,166.02700000000002,79.57,0.09621570482497635,11.691570482497635
3,P98,1.0/99.0 pct of 100d moves,69,07:30,10:30,B,B: 07:00-08:45 PST / 10:00-11:45 ET (15-min),iron_condor,neutral,10,63,92.1,19935.24,5426.68,5,99676.2,367.36,774.75,3873.75,244046.2,178.5,-997.0,7597.0,1567.26,0.494,2.7,True,True,True,True,True,True,161.19799999999998,81.08999999999999,0.14276684823870212,16.74668482387021
3,P98,1.0/99.0 pct of 100d moves,69,07:30,10:30,B,B: 07:00-08:45 PST / 10:00-11:45 ET (15-min),iron_condor,neutral,5,63,92.1,19921.19,5426.68,5,99605.95,367.1,767.72,3838.6,241831.8,178.5,-997.0,7597.0,1565.69,0.49,2.7,True,True,True,True,True,True,161.08,81.02999999999999,0.14147139687617474,16.597139687617474
3,P99,0.5/99.5 pct of 100d moves,86,07:30,10:30,B,B: 07:00-08:45 PST / 10:00-11:45 ET (15-min),iron_condor,neutral,10,53,92.5,23023.25,6270.08,4,92093.0,367.19,604.39,2417.56,128130.7,99.5,-1416.0,7906.0,1457.01,0.415,2.7,True,True,True,True,True,True,160.55700000000002,80.225,0.09639270950290905,11.714270950290905
3,P99,0.5/99.5 pct of 100d moves,86,07:30,10:30,B,B: 07:00-08:45 PST / 10:00-11:45 ET (15-min),iron_condor,neutral,5,53,92.5,22977.17,6254.64,4,91908.68,367.36,581.35,2325.4,123246.2,97.5,-1416.0,7906.0,1458.46,0.399,2.7,True,True,True,True,True,True,160.44799999999998,79.985,0.09294699615005819,11.28969961500582
3,P99,0.5/99.5 pct of 100d moves,86,07:30,10:30,B,B: 07:00-08:45 PST / 10:00-11:45 ET (15-min),iron_condor,against_flow,15,53,90.6,22877.87,6167.74,4,91511.48,370.93,378.36,1513.44,80212.3,99.5,-4348.0,5512.0,1201.7,0.315,2.7,True,True,True,True,True,True,159.72899999999998,77.205,0.0613449983300204,7.70949983300204
3,P99,0.5/99.5 pct of 100d moves,86,07:30,10:30,B,B: 07:00-08:45 PST / 10:00-11:45 ET (15-min),iron_condor,with_flow,15,53,90.6,22877.87,6167.74,4,91511.48,370.93,378.36,1513.44,80212.3,99.5,-4348.0,5512.0,1201.7,0.315,2.7,True,True,True,True,True,True,159.72899999999998,77.205,0.0613449983300204,7.70949983300204
3,P99,0.5/99.5 pct of 100d moves,86,07:30,10:30,B,B: 07:00-08:45 PST / 10:00-11:45 ET (15-min),iron_condor,neutral,15,57,91.2,21287.77,6026.98,4,85151.08,353.21,359.49,1437.96,81963.7,97.5,-4348.0,5512.0,1160.79,0.31,2.7,True,True,True,True,True,True,154.66299999999998,77.61000000000001,0.05964678827538834,7.514678827538834
3,P98,1.0/99.0 pct of 100d moves,69,07:30,10:30,B,B: 07:00-08:45 PST / 10:00-11:45 ET (15-min),iron_condor,neutral,15,62,90.3,19994.6,5793.9,5,99973.0,345.1,537.85,2689.25,166733.5,188.25,-2987.0,5502.0,1252.24,0.43,2.7,True,True,True,True,True,True,152.98,78.69,0.09283039058319958,11.43303905831996
3,P98,1.0/99.0 pct of 100d moves,69,07:30,10:30,B,B: 07:00-08:45 PST / 10:00-11:45 ET (15-min),iron_condor,against_flow,25,55,92.7,22545.05,6662.98,4,90180.2,338.36,637.14,2548.56,140170.8,267.5,-2987.0,5502.0,1245.53,0.512,2.7,True,True,True,True,True,True,152.978,81.84,0.09562388000564312,12.122388000564312
3,P98,1.0/99.0 pct of 100d moves,69,07:30,10:30,B,B: 07:00-08:45 PST / 10:00-11:45 ET (15-min),iron_condor,with_flow,25,55,92.7,22545.05,6662.98,4,90180.2,338.36,637.14,2548.56,140170.8,267.5,-2987.0,5502.0,1245.53,0.512,2.7,True,True,True,True,True,True,152.978,81.84,0.09562388000564312,12.122388000564312
3,P98,1.0/99.0 pct of 100d moves,69,07:30,10:30,B,B: 07:00-08:45 PST / 10:00-11:45 ET (15-min),iron_condor,neutral,20,61,90.2,20206.9,5867.54,5,101034.5,344.38,488.93,2444.65,149123.6,184.0,-2987.0,5502.0,1201.42,0.407,2.7,True,True,True,True,True,True,152.48399999999998,78.26500000000001,0.08332793640946631,10.367793640946632
3,P99,0.5/99.5 pct of 100d moves,86,07:30,10:30,B,B: 07:00-08:45 PST / 10:00-11:45 ET (15-min),iron_condor,with_flow,20,54,90.7,22467.96,6484.2,4,89871.84,346.5,378.23,1512.92,81697.7,105.5,-4348.0,5512.0,1190.38,0.318,2.7,True,True,True,True,True,True,152.48000000000002,77.33,0.058331020017889645,7.423102001788965
3,P99,0.5/99.5 pct of 100d moves,86,07:30,10:30,B,B: 07:00-08:45 PST / 10:00-11:45 ET (15-min),iron_condor,against_flow,20,54,90.7,22467.96,6484.2,4,89871.84,346.5,378.23,1512.92,81697.7,105.5,-4348.0,5512.0,1190.38,0.318,2.7,True,True,True,True,True,True,152.48000000000002,77.33,0.058331020017889645,7.423102001788965
3,P97,1.5/98.5 pct of 100d moves,52,07:45,10:45,B,B: 07:00-08:45 PST / 10:00-11:45 ET (15-min),iron_condor,against_flow,10,59,94.9,22269.78,6635.49,4,89079.12,335.62,1282.66,5130.64,302707.8,360.5,-8750.0,14835.0,3118.42,0.411,2.9,True,True,True,True,True,True,152.24599999999998,82.08500000000001,0.19330298139248195,21.385298139248196
3,P97,1.5/98.5 pct of 100d moves,52,07:45,10:45,B,B: 07:00-08:45 PST / 10:00-11:45 ET (15-min),iron_condor,with_flow,10,59,94.9,22269.78,6635.49,4,89079.12,335.62,1282.66,5130.64,302707.8,360.5,-8750.0,14835.0,3118.42,0.411,2.9,True,True,True,True,True,True,152.24599999999998,82.08500000000001,0.19330298139248195,21.385298139248196
3,P97,1.5/98.5 pct of 100d moves,52,07:45,10:45,B,B: 07:00-08:45 PST / 10:00-11:45 ET (15-min),iron_condor,with_flow,5,59,94.9,22258.39,6638.41,4,89033.56,335.3,1276.97,5107.88,301364.9,352.0,-8750.0,14835.0,3120.43,0.409,2.9,True,True,True,True,True,True,152.13,82.055,0.19236082134125493,21.28108213412549
3,P97,1.5/98.5 pct of 100d moves,52,07:45,10:45,B,B: 07:00-08:45 PST / 10:00-11:45 ET (15-min),iron_condor,against_flow,5,59,94.9,22258.39,6638.41,4,89033.56,335.3,1276.97,5107.88,301364.9,352.0,-8750.0,14835.0,3120.43,0.409,2.9,True,True,True,True,True,True,152.13,82.055,0.19236082134125493,21.28108213412549
3,P98,1.0/99.0 pct of 100d moves,69,07:30,10:30,B,B: 07:00-08:45 PST / 10:00-11:45 ET (15-min),iron_condor,against_flow,30,58,93.1,21818.4,6659.98,4,87273.6,327.6,823.91,3295.64,191147.1,295.25,-2987.0,6194.0,1534.14,0.537,2.7,True,True,True,True,True,True,150.2,82.535,0.1237105817134586,15.05605817134586
3,P98,1.0/99.0 pct of 100d moves,69,07:30,10:30,B,B: 07:00-08:45 PST / 10:00-11:45 ET (15-min),iron_condor,with_flow,30,58,93.1,21818.4,6659.98,4,87273.6,327.6,823.91,3295.64,191147.1,295.25,-2987.0,6194.0,1534.14,0.537,2.7,True,True,True,True,True,True,150.2,82.535,0.1237105817134586,15.05605817134586
10,P98,1.0/99.0 pct of 100d moves,69,07:30,10:30,B,B: 07:00-08:45 PST / 10:00-11:45 ET (15-min),iron_condor,against_flow,10,45,91.1,28946.98,8757.11,3,86840.94,330.55,1334.84,4004.52,180203.4,230.0,-1958.0,17849.0,3088.28,0.432,6.3,True,True,True,True,True,True,149.03500000000003,79.36,0.15242928317675578,17.402928317675578
10,P98,1.0/99.0 pct of 100d moves,69,07:30,10:30,B,B: 07:00-08:45 PST / 10:00-11:45 ET (15-min),iron_condor,against_flow,5,45,91.1,28946.98,8757.11,3,86840.94,330.55,1334.84,4004.52,180203.4,230.0,-1958.0,17849.0,3088.28,0.432,6.3,True,True,True,True,True,True,149.03500000000003,79.36,0.15242928317675578,17.402928317675578
10,P98,1.0/99.0 pct of 100d moves,69,07:30,10:30,B,B: 07:00-08:45 PST / 10:00-11:45 ET (15-min),iron_condor,with_flow,5,45,91.1,28946.98,8757.11,3,86840.94,330.55,1334.84,4004.52,180203.4,230.0,-1958.0,17849.0,3088.28,0.432,6.3,True,True,True,True,True,True,149.03500000000003,79.36,0.15242928317675578,17.402928317675578
10,P98,1.0/99.0 pct of 100d moves,69,07:30,10:30,B,B: 07:00-08:45 PST / 10:00-11:45 ET (15-min),iron_condor,with_flow,10,45,91.1,28946.98,8757.11,3,86840.94,330.55,1334.84,4004.52,180203.4,230.0,-1958.0,17849.0,3088.28,0.432,6.3,True,True,True,True,True,True,149.03500000000003,79.36,0.15242928317675578,17.402928317675578
3,P99,0.5/99.5 pct of 100d moves,86,07:30,10:30,B,B: 07:00-08:45 PST / 10:00-11:45 ET (15-min),iron_condor,neutral,20,58,91.4,20933.55,6324.05,4,83734.2,331.01,359.7,1438.8,83450.4,98.5,-4348.0,5512.0,1150.62,0.313,2.7,True,True,True,True,True,True,148.13299999999998,77.815,0.056878108174350295,7.25281081743503
3,P98,1.0/99.0 pct of 100d moves,69,07:30,10:30,B,B: 07:00-08:45 PST / 10:00-11:45 ET (15-min),iron_condor,neutral,25,61,93.4,20402.82,6465.08,4,81611.28,315.58,612.12,2448.48,149357.3,239.5,-2987.0,5502.0,1204.13,0.508,2.7,True,True,True,True,True,True,146.454,82.34000000000002,0.09468096295792164,12.008096295792164
3,P98,1.0/99.0 pct of 100d moves,69,07:30,10:30,B,B: 07:00-08:45 PST / 10:00-11:45 ET (15-min),iron_condor,neutral,30,63,93.7,20159.4,6534.98,4,80637.6,308.48,794.83,3179.32,200297.2,266.0,-2987.0,6194.0,1489.09,0.534,2.7,True,True,True,True,True,True,144.734,82.97000000000001,0.12162699809333771,14.832699809333771
3,P97,1.5/98.5 pct of 100d moves,52,07:45,10:45,B,B: 07:00-08:45 PST / 10:00-11:45 ET (15-min),iron_condor,against_flow,20,61,93.4,21272.72,6761.08,4,85090.88,314.63,1074.52,4298.08,262182.9,349.0,-8750.0,14753.0,2994.41,0.359,2.9,True,True,True,True,True,True,144.679,80.10500000000002,0.15892727197429996,17.687727197429993
3,P97,1.5/98.5 pct of 100d moves,52,07:45,10:45,B,B: 07:00-08:45 PST / 10:00-11:45 ET (15-min),iron_condor,with_flow,20,61,93.4,21272.72,6761.08,4,85090.88,314.63,1074.52,4298.08,262182.9,349.0,-8750.0,14753.0,2994.41,0.359,2.9,True,True,True,True,True,True,144.679,80.10500000000002,0.15892727197429996,17.687727197429993
3,P97,1.5/98.5 pct of 100d moves,52,07:45,10:45,B,B: 07:00-08:45 PST / 10:00-11:45 ET (15-min),iron_condor,with_flow,15,61,93.4,21267.87,6761.08,4,85071.48,314.56,1072.09,4288.36,261590.0,349.0,-8750.0,14753.0,2994.69,0.358,2.9,True,True,True,True,True,True,144.648,80.09000000000002,0.1585678619392168,17.646786193921677
3,P97,1.5/98.5 pct of 100d moves,52,07:45,10:45,B,B: 07:00-08:45 PST / 10:00-11:45 ET (15-min),iron_condor,against_flow,15,61,93.4,21267.87,6761.08,4,85071.48,314.56,1072.09,4288.36,261590.0,349.0,-8750.0,14753.0,2994.69,0.358,2.9,True,True,True,True,True,True,144.648,80.09000000000002,0.1585678619392168,17.646786193921677
5,P100,0.0/100.0 pct (min/max of 100d moves),86,07:45,10:45,B,B: 07:00-08:45 PST / 10:00-11:45 ET (15-min),iron_condor,against_flow,15,61,91.8,30642.21,9642.36,3,91926.63,317.79,535.53,1606.59,98002.0,136.5,-8740.0,7870.5,2132.28,0.251,3.4,True,True,True,True,True,True,143.747,77.205,0.05553930780431346,6.8089307804313455
5,P100,0.0/100.0 pct (min/max of 100d moves),86,07:45,10:45,B,B: 07:00-08:45 PST / 10:00-11:45 ET (15-min),iron_condor,with_flow,20,61,91.8,30642.21,9642.36,3,91926.63,317.79,535.53,1606.59,98002.0,136.5,-8740.0,7870.5,2132.28,0.251,3.4,True,True,True,True,True,True,143.747,77.205,0.05553930780431346,6.8089307804313455
5,P100,0.0/100.0 pct (min/max of 100d moves),86,07:45,10:45,B,B: 07:00-08:45 PST / 10:00-11:45 ET (15-min),iron_condor,with_flow,15,61,91.8,30642.21,9642.36,3,91926.63,317.79,535.53,1606.59,98002.0,136.5,-8740.0,7870.5,2132.28,0.251,3.4,True,True,True,True,True,True,143.747,77.205,0.05553930780431346,6.8089307804313455
5,P100,0.0/100.0 pct (min/max of 100d moves),86,07:45,10:45,B,B: 07:00-08:45 PST / 10:00-11:45 ET (15-min),iron_condor,against_flow,20,61,91.8,30642.21,9642.36,3,91926.63,317.79,535.53,1606.59,98002.0,136.5,-8740.0,7870.5,2132.28,0.251,3.4,True,True,True,True,True,True,143.747,77.205,0.05553930780431346,6.8089307804313455
3,P98,1.0/99.0 pct of 100d moves,69,07:30,10:30,B,B: 07:00-08:45 PST / 10:00-11:45 ET (15-min),iron_condor,against_flow,40,57,94.7,22106.19,7272.25,4,88424.76,303.98,783.24,3132.96,178578.7,285.5,-4992.0,5502.0,1589.9,0.493,2.8,True,True,True,True,True,True,143.474,83.155,0.10770256798102376,13.235256798102377
3,P98,1.0/99.0 pct of 100d moves,69,07:30,10:30,B,B: 07:00-08:45 PST / 10:00-11:45 ET (15-min),iron_condor,with_flow,40,57,94.7,22106.19,7272.25,4,88424.76,303.98,783.24,3132.96,178578.7,285.5,-4992.0,5502.0,1589.9,0.493,2.8,True,True,True,True,True,True,143.474,83.155,0.10770256798102376,13.235256798102377
3,P98,1.0/99.0 pct of 100d moves,69,07:30,10:30,B,B: 07:00-08:45 PST / 10:00-11:45 ET (15-min),iron_condor,against_flow,35,58,94.8,21759.95,7189.36,4,87039.8,302.67,787.18,3148.72,182625.8,295.25,-4992.0,5502.0,1576.01,0.499,2.8,True,True,True,True,True,True,143.191,83.325,0.10949236093337933,13.444236093337935
3,P98,1.0/99.0 pct of 100d moves,69,07:30,10:30,B,B: 07:00-08:45 PST / 10:00-11:45 ET (15-min),iron_condor,with_flow,35,58,94.8,21759.95,7189.36,4,87039.8,302.67,787.18,3148.72,182625.8,295.25,-4992.0,5502.0,1576.01,0.499,2.8,True,True,True,True,True,True,143.191,83.325,0.10949236093337933,13.444236093337935
5,P100,0.0/100.0 pct (min/max of 100d moves),86,07:30,10:30,B,B: 07:00-08:45 PST / 10:00-11:45 ET (15-min),iron_condor,neutral,10,51,90.2,25445.88,8414.55,3,76337.64,302.4,923.05,2769.15,141226.6,149.0,-1958.0,5502.0,1637.57,0.564,3.4,True,True,True,True,True,True,141.45999999999998,80.62,0.10969689407038999,13.789689407038999
5,P100,0.0/100.0 pct (min/max of 100d moves),86,07:30,10:30,B,B: 07:00-08:45 PST / 10:00-11:45 ET (15-min),iron_condor,neutral,5,51,90.2,25434.47,8414.55,3,76303.41,302.27,917.34,2752.02,140353.0,149.0,-1958.0,5502.0,1629.46,0.563,3.4,True,True,True,True,True,True,141.411,80.605,0.10901830757438011,13.71683075743801
3,P98,1.0/99.0 pct of 100d moves,69,07:30,10:30,B,B: 07:00-08:45 PST / 10:00-11:45 ET (15-min),iron_condor,with_flow,45,56,94.6,22524.23,7600.55,3,67572.69,296.35,773.46,2320.38,129941.3,326.75,-4992.0,5502.0,1562.37,0.495,2.8,True,True,True,True,True,True,141.155,83.10499999999999,0.10176368815414674,12.651368815414674
3,P98,1.0/99.0 pct of 100d moves,69,07:30,10:30,B,B: 07:00-08:45 PST / 10:00-11:45 ET (15-min),iron_condor,against_flow,45,56,94.6,22524.23,7600.55,3,67572.69,296.35,773.46,2320.38,129941.3,326.75,-4992.0,5502.0,1562.37,0.495,2.8,True,True,True,True,True,True,141.155,83.10499999999999,0.10176368815414674,12.651368815414674
3,P97,1.5/98.5 pct of 100d moves,52,07:45,10:45,B,B: 07:00-08:45 PST / 10:00-11:45 ET (15-min),iron_condor,with_flow,25,61,93.4,21291.08,7047.43,4,85164.32,302.11,1060.97,4243.88,258876.7,352.0,-8750.0,14887.0,3026.0,0.351,2.9,True,True,True,True,True,True,140.84300000000002,79.98500000000001,0.15054707886421007,16.809707886421005
3,P97,1.5/98.5 pct of 100d moves,52,07:45,10:45,B,B: 07:00-08:45 PST / 10:00-11:45 ET (15-min),iron_condor,against_flow,25,61,93.4,21291.08,7047.43,4,85164.32,302.11,1060.97,4243.88,258876.7,352.0,-8750.0,14887.0,3026.0,0.351,2.9,True,True,True,True,True,True,140.84300000000002,79.98500000000001,0.15054707886421007,16.809707886421005
3,P97,1.5/98.5 pct of 100d moves,52,07:45,10:45,B,B: 07:00-08:45 PST / 10:00-11:45 ET (15-min),iron_condor,neutral,10,66,93.9,20367.55,6804.76,4,81470.2,299.31,1192.01,4768.04,314690.6,324.0,-8750.0,14835.0,3079.4,0.387,2.8,True,True,True,True,True,True,140.613,80.92500000000001,0.17517296715828332,19.45229671582833
5,P100,0.0/100.0 pct (min/max of 100d moves),86,07:30,10:30,B,B: 07:00-08:45 PST / 10:00-11:45 ET (15-min),iron_condor,neutral,15,50,90.0,25976.16,8682.14,3,77928.48,299.19,952.49,2857.47,142873.5,189.5,-1958.0,5502.0,1650.18,0.577,3.4,True,True,True,True,True,True,140.527,80.655,0.10970682343293245,13.855682343293244
3,P97,1.5/98.5 pct of 100d moves,52,07:45,10:45,B,B: 07:00-08:45 PST / 10:00-11:45 ET (15-min),iron_condor,neutral,5,66,93.9,20357.36,6807.36,4,81429.44,299.05,1186.92,4747.68,313346.9,262.25,-8750.0,14835.0,3081.07,0.385,2.8,True,True,True,True,True,True,140.515,80.89500000000001,0.1743583415597236,19.36083415597236
5,P100,0.0/100.0 pct (min/max of 100d moves),86,07:30,10:30,B,B: 07:00-08:45 PST / 10:00-11:45 ET (15-min),iron_condor,neutral,20,50,90.0,25961.84,8682.14,3,77885.52,299.03,945.33,2835.99,141799.5,189.5,-1958.0,5502.0,1649.55,0.573,3.4,True,True,True,True,True,True,140.439,80.595,0.10888214196039227,13.753214196039227
3,P98,1.0/99.0 pct of 100d moves,69,07:30,10:30,B,B: 07:00-08:45 PST / 10:00-11:45 ET (15-min),iron_condor,with_flow,50,56,94.6,22544.5,7668.68,3,67633.5,293.98,783.59,2350.77,131643.1,326.75,-4992.0,5502.0,1586.81,0.494,2.8,True,True,True,True,True,True,140.434,83.08999999999999,0.10218055780134261,12.68805578013426
3,P98,1.0/99.0 pct of 100d moves,69,07:30,10:30,B,B: 07:00-08:45 PST / 10:00-11:45 ET (15-min),iron_condor,against_flow,50,56,94.6,22544.5,7668.68,3,67633.5,293.98,783.59,2350.77,131643.1,326.75,-4992.0,5502.0,1586.81,0.494,2.8,True,True,True,True,True,True,140.434,83.08999999999999,0.10218055780134261,12.68805578013426
3,P97,1.5/98.5 pct of 100d moves,52,07:45,10:45,B,B: 07:00-08:45 PST / 10:00-11:45 ET (15-min),iron_condor,against_flow,30,58,96.6,22433.62,7724.16,3,67300.86,290.43,1202.53,3607.59,209240.2,367.0,-8750.0,14887.0,3182.58,0.378,2.9,True,True,True,True,True,True,139.209,82.95,0.15568424268787803,17.4584242687878
3,P97,1.5/98.5 pct of 100d moves,52,07:45,10:45,B,B: 07:00-08:45 PST / 10:00-11:45 ET (15-min),iron_condor,with_flow,30,58,96.6,22433.62,7724.16,3,67300.86,290.43,1202.53,3607.59,209240.2,367.0,-8750.0,14887.0,3182.58,0.378,2.9,True,True,True,True,True,True,139.209,82.95,0.15568424268787803,17.4584242687878
3,P98,1.0/99.0 pct of 100d moves,69,07:30,10:30,B,B: 07:00-08:45 PST / 10:00-11:45 ET (15-min),iron_condor,neutral,40,61,95.1,20722.98,7204.41,4,82891.92,287.64,765.07,3060.28,186677.1,239.5,-4992.0,5502.0,1551.88,0.493,2.8,True,True,True,True,True,True,138.772,83.475,0.10619467798195828,13.084467798195828
3,P98,1.0/99.0 pct of 100d moves,69,07:30,10:30,B,B: 07:00-08:45 PST / 10:00-11:45 ET (15-min),iron_condor,neutral,35,62,95.2,20421.39,7127.97,4,81685.56,286.5,769.05,3076.2,190724.4,262.5,-4992.0,5502.0,1539.27,0.5,2.8,True,True,True,True,True,True,138.55,83.66000000000001,0.10789186823176865,13.289186823176864
3,P97,1.5/98.5 pct of 100d moves,52,07:45,10:45,B,B: 07:00-08:45 PST / 10:00-11:45 ET (15-min),iron_condor,against_flow,35,57,94.7,22827.12,8047.68,3,68481.36,283.65,1107.45,3322.35,189373.9,368.0,-8750.0,15630.0,3379.62,0.328,2.8,True,True,True,True,True,True,135.725,80.68,0.13761108791602053,15.401108791602054
3,P97,1.5/98.5 pct of 100d moves,52,07:45,10:45,B,B: 07:00-08:45 PST / 10:00-11:45 ET (15-min),iron_condor,with_flow,35,57,94.7,22827.12,8047.68,3,68481.36,283.65,1107.45,3322.35,189373.9,368.0,-8750.0,15630.0,3379.62,0.328,2.8,True,True,True,True,True,True,135.725,80.68,0.13761108791602053,15.401108791602054
3,P97,1.5/98.5 pct of 100d moves,52,07:45,10:45,B,B: 07:00-08:45 PST / 10:00-11:45 ET (15-min),iron_condor,with_flow,40,58,94.8,22661.79,8017.93,3,67985.37,282.64,1202.47,3607.41,209229.8,386.5,-8750.0,15630.0,3434.14,0.35,2.8,True,True,True,True,True,True,135.69199999999998,81.09,0.14997262385678098,16.7472623856781
3,P97,1.5/98.5 pct of 100d moves,52,07:45,10:45,B,B: 07:00-08:45 PST / 10:00-11:45 ET (15-min),iron_condor,against_flow,40,58,94.8,22661.79,8017.93,3,67985.37,282.64,1202.47,3607.41,209229.8,386.5,-8750.0,15630.0,3434.14,0.35,2.8,True,True,True,True,True,True,135.69199999999998,81.09,0.14997262385678098,16.7472623856781
5,P100,0.0/100.0 pct (min/max of 100d moves),86,07:30,10:30,B,B: 07:00-08:45 PST / 10:00-11:45 ET (15-min),iron_condor,with_flow,30,50,90.0,26459.18,9297.94,3,79377.54,284.57,1078.28,3234.84,161742.0,143.5,-5947.0,5502.0,2041.47,0.528,3.4,True,True,True,True,True,True,135.651,79.92,0.11596977394992869,14.23697739499287
5,P100,0.0/100.0 pct (min/max of 100d moves),86,07:30,10:30,B,B: 07:00-08:45 PST / 10:00-11:45 ET (15-min),iron_condor,against_flow,30,50,90.0,26459.18,9297.94,3,79377.54,284.57,1078.28,3234.84,161742.0,143.5,-5947.0,5502.0,2041.47,0.528,3.4,True,True,True,True,True,True,135.651,79.92,0.11596977394992869,14.23697739499287
3,P98,1.0/99.0 pct of 100d moves,69,07:30,10:30,B,B: 07:00-08:45 PST / 10:00-11:45 ET (15-min),iron_condor,neutral,45,61,95.1,20745.9,7483.41,4,82983.6,277.23,744.02,2976.08,181540.9,239.5,-4992.0,5502.0,1514.78,0.491,2.8,True,True,True,True,True,True,135.629,83.445,0.09942258943449576,12.397258943449577
5,P100,0.0/100.0 pct (min/max of 100d moves),86,07:30,10:30,B,B: 07:00-08:45 PST / 10:00-11:45 ET (15-min),iron_condor,with_flow,35,51,90.2,26213.65,9312.71,3,78640.95,281.48,1079.56,3238.68,165172.7,149.0,-5947.0,5502.0,2038.34,0.53,3.4,True,True,True,True,True,True,134.844,80.11000000000001,0.11592329193113499,14.242329193113498
5,P100,0.0/100.0 pct (min/max of 100d moves),86,07:30,10:30,B,B: 07:00-08:45 PST / 10:00-11:45 ET (15-min),iron_condor,against_flow,35,51,90.2,26213.65,9312.71,3,78640.95,281.48,1079.56,3238.68,165172.7,149.0,-5947.0,5502.0,2038.34,0.53,3.4,True,True,True,True,True,True,134.844,80.11000000000001,0.11592329193113499,14.242329193113498
5,P100,0.0/100.0 pct (min/max of 100d moves),86,07:30,10:30,B,B: 07:00-08:45 PST / 10:00-11:45 ET (15-min),iron_condor,neutral,25,54,90.7,24127.8,8522.85,3,72383.4,283.1,813.31,2439.93,131756.2,141.25,-5880.0,5502.0,1790.75,0.454,3.5,True,True,True,True,True,True,134.82000000000002,79.37,0.09542699918454507,11.812699918454507
5,P100,0.0/100.0 pct (min/max of 100d moves),86,07:30,10:30,B,B: 07:00-08:45 PST / 10:00-11:45 ET (15-min),iron_condor,with_flow,50,52,90.4,25827.04,9230.79,3,77481.12,279.79,1105.62,3316.86,172476.7,189.5,-5947.0,5502.0,2036.61,0.543,3.4,True,True,True,True,True,True,134.567,80.465,0.11977523050573134,14.692523050573135
5,P100,0.0/100.0 pct (min/max of 100d moves),86,07:30,10:30,B,B: 07:00-08:45 PST / 10:00-11:45 ET (15-min),iron_condor,against_flow,50,52,90.4,25827.04,9230.79,3,77481.12,279.79,1105.62,3316.86,172476.7,189.5,-5947.0,5502.0,2036.61,0.543,3.4,True,True,True,True,True,True,134.567,80.465,0.11977523050573134,14.692523050573135
5,P100,0.0/100.0 pct (min/max of 100d moves),86,07:30,10:30,B,B: 07:00-08:45 PST / 10:00-11:45 ET (15-min),iron_condor,against_flow,45,52,90.4,25826.75,9230.79,3,77480.25,279.79,1105.48,3316.44,172454.9,189.5,-5947.0,5502.0,2036.45,0.543,3.4,True,True,True,True,True,True,134.567,80.465,0.1197600638731896,14.69100638731896
5,P100,0.0/100.0 pct (min/max of 100d moves),86,07:30,10:30,B,B: 07:00-08:45 PST / 10:00-11:45 ET (15-min),iron_condor,with_flow,45,52,90.4,25826.75,9230.79,3,77480.25,279.79,1105.48,3316.44,172454.9,189.5,-5947.0,5502.0,2036.45,0.543,3.4,True,True,True,True,True,True,134.567,80.465,0.1197600638731896,14.69100638731896
5,P100,0.0/100.0 pct (min/max of 100d moves),86,07:30,10:30,B,B: 07:00-08:45 PST / 10:00-11:45 ET (15-min),iron_condor,against_flow,40,51,90.2,26184.63,9332.82,3,78553.89,280.57,1065.05,3195.15,162952.6,149.0,-5947.0,5502.0,2036.78,0.523,3.4,True,True,True,True,True,True,134.501,80.00500000000001,0.1141187765327093,14.02687765327093
5,P100,0.0/100.0 pct (min/max of 100d moves),86,07:30,10:30,B,B: 07:00-08:45 PST / 10:00-11:45 ET (15-min),iron_condor,with_flow,40,51,90.2,26184.63,9332.82,3,78553.89,280.57,1065.05,3195.15,162952.6,149.0,-5947.0,5502.0,2036.78,0.523,3.4,True,True,True,True,True,True,134.501,80.00500000000001,0.1141187765327093,14.02687765327093
3,P97,1.5/98.5 pct of 100d moves,52,07:45,10:45,B,B: 07:00-08:45 PST / 10:00-11:45 ET (15-min),iron_condor,neutral,20,68,92.6,19529.94,6912.44,4,78119.76,282.53,1008.39,4033.56,274282.1,262.25,-8750.0,14753.0,2963.52,0.34,2.9,True,True,True,True,True,True,134.459,79.17999999999999,0.14588047057189646,16.288047057189647
3,P97,1.5/98.5 pct of 100d moves,52,07:45,10:45,B,B: 07:00-08:45 PST / 10:00-11:45 ET (15-min),iron_condor,neutral,15,68,92.6,19525.59,6912.44,4,78102.36,282.47,1006.21,4024.84,273689.1,262.25,-8750.0,14753.0,2963.73,0.34,2.9,True,True,True,True,True,True,134.441,79.17999999999999,0.14556509712923368,16.256509712923368
3,P98,1.0/99.0 pct of 100d moves,69,07:30,10:30,B,B: 07:00-08:45 PST / 10:00-11:45 ET (15-min),iron_condor,neutral,50,62,95.2,20430.89,7519.73,3,61292.67,271.7,741.81,2225.43,137976.7,217.25,-4992.0,5502.0,1528.1,0.485,2.8,True,True,True,True,True,True,133.95999999999998,83.43500000000002,0.0986484887090361,12.289848870903612
3,P97,1.5/98.5 pct of 100d moves,52,07:45,10:45,B,B: 07:00-08:45 PST / 10:00-11:45 ET (15-min),iron_condor,with_flow,45,60,95.0,21921.78,7961.13,3,65765.34,275.36,1170.14,3510.42,210625.2,355.25,-8750.0,15630.0,3383.17,0.346,2.8,True,True,True,True,True,True,133.56799999999998,81.19,0.14698164707773897,16.4281647077739
3,P97,1.5/98.5 pct of 100d moves,52,07:45,10:45,B,B: 07:00-08:45 PST / 10:00-11:45 ET (15-min),iron_condor,against_flow,45,60,95.0,21921.78,7961.13,3,65765.34,275.36,1170.14,3510.42,210625.2,355.25,-8750.0,15630.0,3383.17,0.346,2.8,True,True,True,True,True,True,133.56799999999998,81.19,0.14698164707773897,16.4281647077739
3,P97,1.5/98.5 pct of 100d moves,52,07:45,10:45,B,B: 07:00-08:45 PST / 10:00-11:45 ET (15-min),iron_condor,against_flow,50,60,95.0,21920.97,7969.53,3,65762.91,275.06,1169.7,3509.1,210546.0,355.25,-8750.0,15630.0,3381.79,0.346,2.8,True,True,True,True,True,True,133.478,81.19,0.14677151601160923,16.407151601160923
3,P97,1.5/98.5 pct of 100d moves,52,07:45,10:45,B,B: 07:00-08:45 PST / 10:00-11:45 ET (15-min),iron_condor,with_flow,50,60,95.0,21920.97,7969.53,3,65762.91,275.06,1169.7,3509.1,210546.0,355.25,-8750.0,15630.0,3381.79,0.346,2.8,True,True,True,True,True,True,133.478,81.19,0.14677151601160923,16.407151601160923
3,P97,1.5/98.5 pct of 100d moves,52,07:45,10:45,B,B: 07:00-08:45 PST / 10:00-11:45 ET (15-min),iron_condor,neutral,25,68,92.6,19546.41,7169.31,4,78185.64,272.64,996.24,3984.96,270977.3,313.75,-8750.0,14887.0,2991.86,0.333,2.9,True,True,True,True,True,True,131.42199999999997,79.075,0.13895897931600112,15.560897931600113
5,P100,0.0/100.0 pct (min/max of 100d moves),86,07:30,10:30,B,B: 07:00-08:45 PST / 10:00-11:45 ET (15-min),iron_condor,neutral,30,54,90.7,24588.3,9165.0,3,73764.9,268.28,1042.94,3128.82,168956.3,189.5,-5947.0,5502.0,1971.44,0.529,3.5,True,True,True,True,True,True,131.124,80.495,0.11379596290234589,14.024596290234589
1,P100,0.0/100.0 pct (min/max of 100d moves),60,09:00,12:00,C,C: 09:00-12:30 PST / 12:00-15:30 ET (30-min),iron_condor,against_flow,30,53,90.6,23969.79,8669.47,3,71909.37,276.49,617.91,1853.73,98247.7,220.0,-6896.0,13294.5,2400.26,0.257,0.9,True,True,True,True,True,True,130.817,76.33500000000001,0.07127425321271082,8.412425321271082
1,P100,0.0/100.0 pct (min/max of 100d moves),60,09:00,12:00,C,C: 09:00-12:30 PST / 12:00-15:30 ET (30-min),iron_condor,with_flow,30,53,90.6,23969.79,8669.47,3,71909.37,276.49,617.91,1853.73,98247.7,220.0,-6896.0,13294.5,2400.26,0.257,0.9,True,True,True,True,True,True,130.817,76.33500000000001,0.07127425321271082,8.412425321271082
5,P100,0.0/100.0 pct (min/max of 100d moves),86,07:30,10:30,B,B: 07:00-08:45 PST / 10:00-11:45 ET (15-min),iron_condor,neutral,35,55,90.9,24388.78,9181.11,3,73166.34,265.64,1041.84,3125.52,171903.6,230.0,-5947.0,5502.0,1970.11,0.529,3.4,True,True,True,True,True,True,130.43200000000002,80.65500000000002,0.11347647506674027,13.992647506674027
5,P100,0.0/100.0 pct (min/max of 100d moves),86,07:30,10:30,B,B: 07:00-08:45 PST / 10:00-11:45 ET (15-min),iron_condor,neutral,50,56,91.1,24062.38,9107.39,3,72187.14,264.21,1066.71,3200.13,179207.3,231.25,-5947.0,5502.0,1970.19,0.541,3.4,True,True,True,True,True,True,130.22299999999998,80.99499999999999,0.1171257627047925,14.41757627047925
5,P100,0.0/100.0 pct (min/max of 100d moves),86,07:30,10:30,B,B: 07:00-08:45 PST / 10:00-11:45 ET (15-min),iron_condor,neutral,45,56,91.1,24062.11,9107.39,3,72186.33,264.2,1066.58,3199.74,179185.4,231.25,-5947.0,5502.0,1970.03,0.541,3.4,True,True,True,True,True,True,130.21999999999997,80.99499999999999,0.11711148858234906,14.416148858234905
5,P100,0.0/100.0 pct (min/max of 100d moves),86,07:30,10:30,B,B: 07:00-08:45 PST / 10:00-11:45 ET (15-min),iron_condor,neutral,40,55,90.9,24361.87,9199.76,3,73085.61,264.81,1028.38,3085.14,169682.7,230.0,-5947.0,5502.0,1968.35,0.522,3.4,True,True,True,True,True,True,130.113,80.55000000000001,0.11178335087002271,13.78833508700227
3,P97,1.5/98.5 pct of 100d moves,52,07:45,10:45,B,B: 07:00-08:45 PST / 10:00-11:45 ET (15-min),iron_condor,neutral,30,64,95.3,20802.92,7941.94,3,62408.76,261.94,1135.78,3407.34,218069.8,362.25,-8750.0,14887.0,3160.5,0.359,2.8,True,True,True,True,True,True,129.822,81.625,0.14301039796321807,16.096039796321808
1,P100,0.0/100.0 pct (min/max of 100d moves),60,09:00,12:00,C,C: 09:00-12:30 PST / 12:00-15:30 ET (30-min),iron_condor,against_flow,50,53,90.6,24052.94,9046.49,3,72158.82,265.88,623.37,1870.11,99115.8,231.0,-6896.0,12893.5,2338.6,0.267,0.9,True,True,True,True,True,True,127.734,76.485,0.06890738839041441,8.22573883904144
1,P100,0.0/100.0 pct (min/max of 100d moves),60,09:00,12:00,C,C: 09:00-12:30 PST / 12:00-15:30 ET (30-min),iron_condor,with_flow,50,53,90.6,24052.94,9046.49,3,72158.82,265.88,623.37,1870.11,99115.8,231.0,-6896.0,12893.5,2338.6,0.267,0.9,True,True,True,True,True,True,127.734,76.485,0.06890738839041441,8.22573883904144
1,P100,0.0/100.0 pct (min/max of 100d moves),60,09:00,12:00,C,C: 09:00-12:30 PST / 12:00-15:30 ET (30-min),iron_condor,against_flow,45,53,90.6,24018.79,9042.91,3,72056.37,265.61,626.95,1880.85,99685.0,231.0,-6896.0,12893.5,2337.4,0.268,0.9,True,True,True,True,True,True,127.66300000000001,76.5,0.06933055841537736,8.273055841537737
1,P100,0.0/100.0 pct (min/max of 100d moves),60,09:00,12:00,C,C: 09:00-12:30 PST / 12:00-15:30 ET (30-min),iron_condor,with_flow,45,53,90.6,24018.79,9042.91,3,72056.37,265.61,626.95,1880.85,99685.0,231.0,-6896.0,12893.5,2337.4,0.268,0.9,True,True,True,True,True,True,127.66300000000001,76.5,0.06933055841537736,8.273055841537737
3,P97,1.5/98.5 pct of 100d moves,52,07:45,10:45,B,B: 07:00-08:45 PST / 10:00-11:45 ET (15-min),iron_condor,neutral,40,64,93.8,21009.7,8208.17,3,63029.1,255.96,1135.73,3407.19,218060.2,363.5,-8750.0,15630.0,3390.39,0.335,2.8,True,True,True,True,True,True,127.03799999999998,80.06500000000001,0.13836579895396903,15.511579895396903
3,P97,1.5/98.5 pct of 100d moves,52,07:45,10:45,B,B: 07:00-08:45 PST / 10:00-11:45 ET (15-min),iron_condor,neutral,35,63,93.7,21133.06,8238.11,3,63399.18,256.53,1048.7,3146.1,198204.3,359.0,-8750.0,15630.0,3338.15,0.314,2.8,True,True,True,True,True,True,126.94899999999998,79.67,0.12729861582328955,14.299861582328955
3,P98,1.0/99.0 pct of 100d moves,69,07:45,10:45,B,B: 07:00-08:45 PST / 10:00-11:45 ET (15-min),iron_condor,with_flow,5,64,95.3,19716.42,7851.52,3,59149.26,251.12,674.32,2022.96,129469.4,193.75,-8750.0,11575.0,2420.62,0.279,2.9,True,True,True,True,True,True,125.77600000000001,80.425,0.08588400717313335,9.983400717313335
3,P98,1.0/99.0 pct of 100d moves,69,07:45,10:45,B,B: 07:00-08:45 PST / 10:00-11:45 ET (15-min),iron_condor,against_flow,5,64,95.3,19716.42,7851.52,3,59149.26,251.12,674.32,2022.96,129469.4,193.75,-8750.0,11575.0,2420.62,0.279,2.9,True,True,True,True,True,True,125.77600000000001,80.425,0.08588400717313335,9.983400717313335
3,P98,1.0/99.0 pct of 100d moves,69,07:45,10:45,B,B: 07:00-08:45 PST / 10:00-11:45 ET (15-min),iron_condor,with_flow,10,64,95.3,19715.56,7851.52,3,59146.68,251.11,673.73,2021.19,129356.2,193.75,-8750.0,11555.0,2419.24,0.278,2.9,True,True,True,True,True,True,125.763,80.41,0.08580886248777307,9.970886248777308
3,P98,1.0/99.0 pct of 100d moves,69,07:45,10:45,B,B: 07:00-08:45 PST / 10:00-11:45 ET (15-min),iron_condor,against_flow,10,64,95.3,19715.56,7851.52,3,59146.68,251.11,673.73,2021.19,129356.2,193.75,-8750.0,11555.0,2419.24,0.278,2.9,True,True,True,True,True,True,125.763,80.41,0.08580886248777307,9.970886248777308
5,P100,0.0/100.0 pct (min/max of 100d moves),86,07:30,10:30,B,B: 07:00-08:45 PST / 10:00-11:45 ET (15-min),iron_condor,against_flow,60,53,90.6,25770.49,10461.68,2,51540.98,246.33,1247.07,2494.14,132189.4,295.0,-5843.0,5686.5,2179.21,0.572,3.4,True,True,True,True,True,True,124.919,81.06,0.11920360783354107,14.780360783354107
5,P100,0.0/100.0 pct (min/max of 100d moves),86,07:30,10:30,B,B: 07:00-08:45 PST / 10:00-11:45 ET (15-min),iron_condor,with_flow,60,53,90.6,25770.49,10461.68,2,51540.98,246.33,1247.07,2494.14,132189.4,295.0,-5843.0,5686.5,2179.21,0.572,3.4,True,True,True,True,True,True,124.919,81.06,0.11920360783354107,14.780360783354107
5,P100,0.0/100.0 pct (min/max of 100d moves),86,07:30,10:30,B,B: 07:00-08:45 PST / 10:00-11:45 ET (15-min),iron_condor,against_flow,55,53,90.6,25770.49,10461.68,2,51540.98,246.33,1247.07,2494.14,132189.4,295.0,-5843.0,5686.5,2179.21,0.572,3.4,True,True,True,True,True,True,124.919,81.06,0.11920360783354107,14.780360783354107
5,P100,0.0/100.0 pct (min/max of 100d moves),86,07:30,10:30,B,B: 07:00-08:45 PST / 10:00-11:45 ET (15-min),iron_condor,with_flow,55,53,90.6,25770.49,10461.68,2,51540.98,246.33,1247.07,2494.14,132189.4,295.0,-5843.0,5686.5,2179.21,0.572,3.4,True,True,True,True,True,True,124.919,81.06,0.11920360783354107,14.780360783354107
3,P97,1.5/98.5 pct of 100d moves,52,07:45,10:45,B,B: 07:00-08:45 PST / 10:00-11:45 ET (15-min),iron_condor,neutral,45,66,93.9,20387.23,8211.38,3,61161.69,248.28,1108.46,3325.38,219475.1,328.0,-8750.0,15630.0,3344.38,0.331,2.8,True,True,True,True,True,True,124.744,80.08500000000001,0.13499070801741,15.154070801741
3,P97,1.5/98.5 pct of 100d moves,52,07:45,10:45,B,B: 07:00-08:45 PST / 10:00-11:45 ET (15-min),iron_condor,neutral,50,66,93.9,20386.48,8219.02,3,61159.44,248.04,1108.06,3324.18,219395.9,328.0,-8750.0,15630.0,3343.12,0.331,2.8,True,True,True,True,True,True,124.672,80.08500000000001,0.13481655963849704,15.136655963849703
3,P98,1.0/99.0 pct of 100d moves,69,07:45,10:45,B,B: 07:00-08:45 PST / 10:00-11:45 ET (15-min),iron_condor,against_flow,15,64,93.8,19834.23,8003.8,3,59502.69,247.81,700.22,2100.66,134442.2,217.75,-8750.0,11555.0,2434.38,0.288,2.9,True,True,True,True,True,True,124.12299999999999,79.36,0.08748594417651616,10.188594417651615
3,P98,1.0/99.0 pct of 100d moves,69,07:45,10:45,B,B: 07:00-08:45 PST / 10:00-11:45 ET (15-min),iron_condor,with_flow,15,64,93.8,19834.23,8003.8,3,59502.69,247.81,700.22,2100.66,134442.2,217.75,-8750.0,11555.0,2434.38,0.288,2.9,True,True,True,True,True,True,124.12299999999999,79.36,0.08748594417651616,10.188594417651615
3,P98,1.0/99.0 pct of 100d moves,69,07:45,10:45,B,B: 07:00-08:45 PST / 10:00-11:45 ET (15-min),iron_condor,against_flow,20,64,93.8,19840.03,8003.8,3,59520.09,247.88,689.8,2069.4,132441.6,217.75,-8750.0,11555.0,2444.95,0.282,2.9,True,True,True,True,True,True,124.08399999999997,79.27000000000001,0.08618406257027911,10.02840625702791
3,P98,1.0/99.0 pct of 100d moves,69,07:45,10:45,B,B: 07:00-08:45 PST / 10:00-11:45 ET (15-min),iron_condor,with_flow,20,64,93.8,19840.03,8003.8,3,59520.09,247.88,689.8,2069.4,132441.6,217.75,-8750.0,11555.0,2444.95,0.282,2.9,True,True,True,True,True,True,124.08399999999997,79.27000000000001,0.08618406257027911,10.02840625702791
5,P100,0.0/100.0 pct (min/max of 100d moves),86,07:15,10:15,B,B: 07:00-08:45 PST / 10:00-11:45 ET (15-min),iron_condor,with_flow,5,53,98.1,17651.96,7362.57,4,70607.84,239.75,1032.03,4128.12,218790.4,165.5,-40.0,26895.0,3707.46,0.278,3.7,True,True,True,True,True,True,123.755,82.65,0.14017252127993352,15.407252127993353
5,P100,0.0/100.0 pct (min/max of 100d moves),86,07:15,10:15,B,B: 07:00-08:45 PST / 10:00-11:45 ET (15-min),iron_condor,against_flow,10,53,98.1,17651.96,7362.57,4,70607.84,239.75,1032.03,4128.12,218790.4,165.5,-40.0,26895.0,3707.46,0.278,3.7,True,True,True,True,True,True,123.755,82.65,0.14017252127993352,15.407252127993353
5,P100,0.0/100.0 pct (min/max of 100d moves),86,07:15,10:15,B,B: 07:00-08:45 PST / 10:00-11:45 ET (15-min),iron_condor,against_flow,5,53,98.1,17651.96,7362.57,4,70607.84,239.75,1032.03,4128.12,218790.4,165.5,-40.0,26895.0,3707.46,0.278,3.7,True,True,True,True,True,True,123.755,82.65,0.14017252127993352,15.407252127993353
5,P100,0.0/100.0 pct (min/max of 100d moves),86,07:15,10:15,B,B: 07:00-08:45 PST / 10:00-11:45 ET (15-min),iron_condor,with_flow,10,53,98.1,17651.96,7362.57,4,70607.84,239.75,1032.03,4128.12,218790.4,165.5,-40.0,26895.0,3707.46,0.278,3.7,True,True,True,True,True,True,123.755,82.65,0.14017252127993352,15.407252127993353
5,P100,0.0/100.0 pct (min/max of 100d moves),86,07:30,10:30,B,B: 07:00-08:45 PST / 10:00-11:45 ET (15-min),iron_condor,against_flow,65,54,90.7,25245.54,10604.02,2,50491.08,238.08,1144.44,2288.88,123599.5,272.0,-8858.0,5686.5,2377.6,0.481,3.4,True,True,True,True,True,True,121.584,79.775,0.1079251076478543,13.197510764785429
5,P100,0.0/100.0 pct (min/max of 100d moves),86,07:30,10:30,B,B: 07:00-08:45 PST / 10:00-11:45 ET (15-min),iron_condor,against_flow,70,54,90.7,25245.54,10604.02,2,50491.08,238.08,1144.44,2288.88,123599.5,272.0,-8858.0,5686.5,2377.6,0.481,3.4,True,True,True,True,True,True,121.584,79.775,0.1079251076478543,13.197510764785429
5,P100,0.0/100.0 pct (min/max of 100d moves),86,07:30,10:30,B,B: 07:00-08:45 PST / 10:00-11:45 ET (15-min),iron_condor,with_flow,65,54,90.7,25245.54,10604.02,2,50491.08,238.08,1144.44,2288.88,123599.5,272.0,-8858.0,5686.5,2377.6,0.481,3.4,True,True,True,True,True,True,121.584,79.775,0.1079251076478543,13.197510764785429
5,P100,0.0/100.0 pct (min/max of 100d moves),86,07:30,10:30,B,B: 07:00-08:45 PST / 10:00-11:45 ET (15-min),iron_condor,with_flow,70,54,90.7,25245.54,10604.02,2,50491.08,238.08,1144.44,2288.88,123599.5,272.0,-8858.0,5686.5,2377.6,0.481,3.4,True,True,True,True,True,True,121.584,79.775,0.1079251076478543,13.197510764785429
5,P100,0.0/100.0 pct (min/max of 100d moves),86,07:30,10:30,B,B: 07:00-08:45 PST / 10:00-11:45 ET (15-min),iron_condor,neutral,60,57,91.2,24040.75,10341.79,2,48081.5,232.46,1198.91,2397.82,136675.7,295.0,-5843.0,5686.5,2110.98,0.568,3.4,True,True,True,True,True,True,121.018,81.48,0.11592867385626666,14.432867385626666
5,P100,0.0/100.0 pct (min/max of 100d moves),86,07:30,10:30,B,B: 07:00-08:45 PST / 10:00-11:45 ET (15-min),iron_condor,neutral,55,57,91.2,24040.75,10341.79,2,48081.5,232.46,1198.91,2397.82,136675.7,295.0,-5843.0,5686.5,2110.98,0.568,3.4,True,True,True,True,True,True,121.018,81.48,0.11592867385626666,14.432867385626666
3,P98,1.0/99.0 pct of 100d moves,69,07:45,10:45,B,B: 07:00-08:45 PST / 10:00-11:45 ET (15-min),iron_condor,neutral,5,70,94.3,18535.03,7891.23,3,55605.09,234.88,696.89,2090.67,146346.9,181.25,-8750.0,11575.0,2499.35,0.279,2.9,True,True,True,True,True,True,120.404,79.625,0.08831196150663459,10.226196150663458
3,P98,1.0/99.0 pct of 100d moves,69,07:45,10:45,B,B: 07:00-08:45 PST / 10:00-11:45 ET (15-min),iron_condor,neutral,10,70,94.3,18534.24,7891.23,3,55602.72,234.87,696.35,2089.05,146233.5,181.25,-8750.0,11555.0,2498.14,0.279,2.9,True,True,True,True,True,True,120.40100000000001,79.625,0.08824353110985234,10.219353110985233
5,P100,0.0/100.0 pct (min/max of 100d moves),86,07:15,10:15,B,B: 07:00-08:45 PST / 10:00-11:45 ET (15-min),iron_condor,neutral,5,55,98.2,17251.96,7607.85,3,51755.88,226.77,1115.45,3346.35,184049.2,211.5,-40.0,26895.0,3698.81,0.302,3.7,True,True,True,True,True,True,120.15100000000001,83.09,0.14661829557627976,16.171829557627976
5,P100,0.0/100.0 pct (min/max of 100d moves),86,07:15,10:15,B,B: 07:00-08:45 PST / 10:00-11:45 ET (15-min),iron_condor,neutral,10,55,98.2,17251.96,7607.85,3,51755.88,226.77,1115.45,3346.35,184049.2,211.5,-40.0,26895.0,3698.81,0.302,3.7,True,True,True,True,True,True,120.15100000000001,83.09,0.14661829557627976,16.171829557627976
5,P100,0.0/100.0 pct (min/max of 100d moves),86,07:30,10:30,B,B: 07:00-08:45 PST / 10:00-11:45 ET (15-min),iron_condor,with_flow,75,54,90.7,25372.35,10882.48,2,50744.7,233.15,1113.03,2226.06,120207.2,272.0,-8858.0,5686.5,2414.68,0.461,3.4,True,True,True,True,True,True,119.905,79.47500000000001,0.10227723827656932,12.53272382765693
5,P100,0.0/100.0 pct (min/max of 100d moves),86,07:30,10:30,B,B: 07:00-08:45 PST / 10:00-11:45 ET (15-min),iron_condor,against_flow,75,54,90.7,25372.35,10882.48,2,50744.7,233.15,1113.03,2226.06,120207.2,272.0,-8858.0,5686.5,2414.68,0.461,3.4,True,True,True,True,True,True,119.905,79.47500000000001,0.10227723827656932,12.53272382765693
3,P98,1.0/99.0 pct of 100d moves,69,07:45,10:45,B,B: 07:00-08:45 PST / 10:00-11:45 ET (15-min),iron_condor,against_flow,25,63,93.7,20060.6,8617.21,3,60181.8,232.8,653.83,1961.49,123573.9,200.0,-8718.0,11555.0,2453.41,0.266,2.9,True,True,True,True,True,True,119.35,78.95,0.07587490614711724,8.917490614711724
3,P98,1.0/99.0 pct of 100d moves,69,07:45,10:45,B,B: 07:00-08:45 PST / 10:00-11:45 ET (15-min),iron_condor,with_flow,25,63,93.7,20060.6,8617.21,3,60181.8,232.8,653.83,1961.49,123573.9,200.0,-8718.0,11555.0,2453.41,0.266,2.9,True,True,True,True,True,True,119.35,78.95,0.07587490614711724,8.917490614711724
3,P98,1.0/99.0 pct of 100d moves,69,07:45,10:45,B,B: 07:00-08:45 PST / 10:00-11:45 ET (15-min),iron_condor,neutral,15,71,93.0,18422.99,7930.87,3,55268.97,232.29,731.82,2195.46,155877.7,213.0,-8750.0,11555.0,2495.13,0.293,2.9,True,True,True,True,True,True,119.11699999999999,78.795,0.09227487022230853,10.692487022230853
3,P98,1.0/99.0 pct of 100d moves,69,07:45,10:45,B,B: 07:00-08:45 PST / 10:00-11:45 ET (15-min),iron_condor,neutral,20,71,93.0,18428.21,7930.87,3,55284.63,232.36,722.43,2167.29,153877.6,213.0,-8750.0,11555.0,2504.53,0.288,2.9,True,True,True,True,True,True,119.088,78.72,0.09109088914583141,10.549088914583141
3,P100,0.0/100.0 pct (min/max of 100d moves),86,07:30,10:30,B,B: 07:00-08:45 PST / 10:00-11:45 ET (15-min),iron_condor,neutral,25,61,90.2,20714.26,8782.0,3,62142.78,235.87,460.54,1381.62,84278.8,106.5,-4860.0,5502.0,1472.65,0.313,2.7,True,True,True,True,True,True,118.99099999999999,76.85500000000002,0.052441357321794585,6.809135732179458
5,P100,0.0/100.0 pct (min/max of 100d moves),86,07:30,10:30,B,B: 07:00-08:45 PST / 10:00-11:45 ET (15-min),iron_condor,with_flow,80,55,90.9,24938.71,10885.29,2,49877.42,229.1,1115.61,2231.22,122717.1,249.0,-8915.0,5686.5,2356.38,0.473,3.4,True,True,True,True,True,True,118.91,79.81500000000001,0.10248785287300566,12.613785287300566
5,P100,0.0/100.0 pct (min/max of 100d moves),86,07:30,10:30,B,B: 07:00-08:45 PST / 10:00-11:45 ET (15-min),iron_condor,against_flow,80,55,90.9,24938.71,10885.29,2,49877.42,229.1,1115.61,2231.22,122717.1,249.0,-8915.0,5686.5,2356.38,0.473,3.4,True,True,True,True,True,True,118.91,79.81500000000001,0.10248785287300566,12.613785287300566
5,P100,0.0/100.0 pct (min/max of 100d moves),86,07:15,10:15,B,B: 07:00-08:45 PST / 10:00-11:45 ET (15-min),iron_condor,with_flow,15,55,98.2,17046.62,7652.65,3,51139.86,222.75,1012.77,3038.31,167107.0,159.5,-40.0,26895.0,3647.27,0.278,3.7,True,True,True,True,True,True,118.70500000000001,82.73,0.13234239119782037,14.624239119782038
5,P100,0.0/100.0 pct (min/max of 100d moves),86,07:15,10:15,B,B: 07:00-08:45 PST / 10:00-11:45 ET (15-min),iron_condor,against_flow,15,55,98.2,17046.62,7652.65,3,51139.86,222.75,1012.77,3038.31,167107.0,159.5,-40.0,26895.0,3647.27,0.278,3.7,True,True,True,True,True,True,118.70500000000001,82.73,0.13234239119782037,14.624239119782038
3,P98,1.0/99.0 pct of 100d moves,69,07:30,10:30,B,B: 07:00-08:45 PST / 10:00-11:45 ET (15-min),iron_condor,with_flow,55,57,94.7,22580.33,10195.63,2,45160.66,221.47,844.6,1689.2,96284.4,225.0,-6866.0,5502.0,1812.58,0.466,2.7,True,True,True,True,True,True,118.451,82.75,0.08283941257185677,10.613941257185678
3,P98,1.0/99.0 pct of 100d moves,69,07:30,10:30,B,B: 07:00-08:45 PST / 10:00-11:45 ET (15-min),iron_condor,against_flow,55,57,94.7,22580.33,10195.63,2,45160.66,221.47,844.6,1689.2,96284.4,225.0,-6866.0,5502.0,1812.58,0.466,2.7,True,True,True,True,True,True,118.451,82.75,0.08283941257185677,10.613941257185678
5,P100,0.0/100.0 pct (min/max of 100d moves),86,07:15,10:15,B,B: 07:00-08:45 PST / 10:00-11:45 ET (15-min),iron_condor,against_flow,20,56,98.2,16722.14,7551.62,3,50166.42,221.44,984.65,2953.95,165421.2,154.25,-40.0,26895.0,3618.27,0.272,3.7,True,True,True,True,True,True,118.25200000000001,82.64,0.13038924098405374,14.398924098405374
5,P100,0.0/100.0 pct (min/max of 100d moves),86,07:15,10:15,B,B: 07:00-08:45 PST / 10:00-11:45 ET (15-min),iron_condor,with_flow,20,56,98.2,16722.14,7551.62,3,50166.42,221.44,984.65,2953.95,165421.2,154.25,-40.0,26895.0,3618.27,0.272,3.7,True,True,True,True,True,True,118.25200000000001,82.64,0.13038924098405374,14.398924098405374
3,P98,1.0/99.0 pct of 100d moves,69,07:30,10:30,B,B: 07:00-08:45 PST / 10:00-11:45 ET (15-min),iron_condor,against_flow,60,57,94.7,22560.12,10242.16,2,45120.24,220.27,834.49,1668.98,95131.9,193.5,-6866.0,5502.0,1815.44,0.46,2.7,True,True,True,True,True,True,118.031,82.66000000000001,0.08147597772344896,10.447597772344897
3,P98,1.0/99.0 pct of 100d moves,69,07:30,10:30,B,B: 07:00-08:45 PST / 10:00-11:45 ET (15-min),iron_condor,with_flow,60,57,94.7,22560.12,10242.16,2,45120.24,220.27,834.49,1668.98,95131.9,193.5,-6866.0,5502.0,1815.44,0.46,2.7,True,True,True,True,True,True,118.031,82.66000000000001,0.08147597772344896,10.447597772344897
5,P100,0.0/100.0 pct (min/max of 100d moves),86,07:30,10:30,B,B: 07:00-08:45 PST / 10:00-11:45 ET (15-min),iron_condor,neutral,65,58,91.4,23581.83,10476.38,2,47163.66,225.1,1104.19,2208.38,128086.0,272.0,-8858.0,5686.5,2300.75,0.48,3.4,True,True,True,True,True,True,118.03,80.32000000000001,0.10539804779895347,12.939804779895347
5,P100,0.0/100.0 pct (min/max of 100d moves),86,07:30,10:30,B,B: 07:00-08:45 PST / 10:00-11:45 ET (15-min),iron_condor,neutral,70,58,91.4,23581.83,10476.38,2,47163.66,225.1,1104.19,2208.38,128086.0,272.0,-8858.0,5686.5,2300.75,0.48,3.4,True,True,True,True,True,True,118.03,80.32000000000001,0.10539804779895347,12.939804779895347
1,P100,0.0/100.0 pct (min/max of 100d moves),60,09:00,12:00,C,C: 09:00-12:30 PST / 12:00-15:30 ET (30-min),iron_condor,neutral,50,59,91.5,21703.95,9373.1,3,65111.85,231.56,608.51,1825.53,107706.3,251.5,-6896.0,12893.5,2217.66,0.274,0.9,True,True,True,True,True,True,117.958,77.31,0.06492089063383512,7.862089063383512
1,P100,0.0/100.0 pct (min/max of 100d moves),60,09:00,12:00,C,C: 09:00-12:30 PST / 12:00-15:30 ET (30-min),iron_condor,neutral,45,59,91.5,21673.27,9369.88,3,65019.81,231.31,611.73,1835.19,108276.2,251.5,-6896.0,12893.5,2216.55,0.276,0.9,True,True,True,True,True,True,117.903,77.34,0.0652868553279231,7.908685532792309
3,P98,1.0/99.0 pct of 100d moves,69,07:45,10:45,B,B: 07:00-08:45 PST / 10:00-11:45 ET (15-min),iron_condor,with_flow,30,64,93.8,20030.03,9034.84,3,60090.09,221.7,705.63,2116.89,135481.0,452.25,-8718.0,5195.0,2083.45,0.339,2.9,True,True,True,True,True,True,116.79999999999998,80.125,0.07810099570108602,9.505099570108602
3,P98,1.0/99.0 pct of 100d moves,69,07:45,10:45,B,B: 07:00-08:45 PST / 10:00-11:45 ET (15-min),iron_condor,against_flow,30,64,93.8,20030.03,9034.84,3,60090.09,221.7,705.63,2116.89,135481.0,452.25,-8718.0,5195.0,2083.45,0.339,2.9,True,True,True,True,True,True,116.79999999999998,80.125,0.07810099570108602,9.505099570108602
5,P100,0.0/100.0 pct (min/max of 100d moves),86,07:30,10:30,B,B: 07:00-08:45 PST / 10:00-11:45 ET (15-min),iron_condor,neutral,75,58,91.4,23692.14,10864.09,2,47384.28,218.08,1071.07,2142.14,124244.1,272.0,-8858.0,5686.5,2335.83,0.459,3.4,True,True,True,True,True,True,115.71400000000001,80.00500000000001,0.09858810079813403,12.153810079813402
5,P100,0.0/100.0 pct (min/max of 100d moves),86,07:15,10:15,B,B: 07:00-08:45 PST / 10:00-11:45 ET (15-min),iron_condor,against_flow,25,53,98.1,17843.96,8418.19,3,53531.88,211.97,1128.03,3384.09,179356.8,157.5,-40.0,26895.0,3729.1,0.302,3.7,True,True,True,True,True,True,115.66099999999999,83.01,0.13399911382375546,14.909911382375546
5,P100,0.0/100.0 pct (min/max of 100d moves),86,07:15,10:15,B,B: 07:00-08:45 PST / 10:00-11:45 ET (15-min),iron_condor,with_flow,25,53,98.1,17843.96,8418.19,3,53531.88,211.97,1128.03,3384.09,179356.8,157.5,-40.0,26895.0,3729.1,0.302,3.7,True,True,True,True,True,True,115.66099999999999,83.01,0.13399911382375546,14.909911382375546
5,P100,0.0/100.0 pct (min/max of 100d moves),86,07:30,10:30,B,B: 07:00-08:45 PST / 10:00-11:45 ET (15-min),iron_condor,against_flow,85,56,91.1,24550.05,11321.77,2,49100.1,216.84,1170.46,2340.92,131091.5,239.5,-8915.0,8510.0,2548.74,0.459,3.4,True,True,True,True,True,True,115.192,79.765,0.10338136174820721,12.63313617482072
5,P100,0.0/100.0 pct (min/max of 100d moves),86,07:30,10:30,B,B: 07:00-08:45 PST / 10:00-11:45 ET (15-min),iron_condor,with_flow,85,56,91.1,24550.05,11321.77,2,49100.1,216.84,1170.46,2340.92,131091.5,239.5,-8915.0,8510.0,2548.74,0.459,3.4,True,True,True,True,True,True,115.192,79.765,0.10338136174820721,12.63313617482072
3,P98,1.0/99.0 pct of 100d moves,69,07:45,10:45,B,B: 07:00-08:45 PST / 10:00-11:45 ET (15-min),iron_condor,neutral,25,70,92.9,18606.56,8481.9,3,55819.68,219.37,690.52,2071.56,145009.2,193.75,-8718.0,11555.0,2513.26,0.275,2.9,True,True,True,True,True,True,115.011,78.44500000000001,0.08141100460981619,9.516100460981619
5,P100,0.0/100.0 pct (min/max of 100d moves),86,07:30,10:30,B,B: 07:00-08:45 PST / 10:00-11:45 ET (15-min),iron_condor,neutral,80,59,91.5,23316.37,10867.02,2,46632.74,214.56,1074.19,2148.38,126754.4,249.0,-8915.0,5686.5,2281.19,0.471,3.5,True,True,True,True,True,True,114.82799999999999,80.265,0.0988486263943565,12.23986263943565
3,P100,0.0/100.0 pct (min/max of 100d moves),86,07:30,10:30,B,B: 07:00-08:45 PST / 10:00-11:45 ET (15-min),iron_condor,neutral,30,60,90.0,21130.85,9592.77,3,63392.55,220.28,503.89,1511.67,90700.2,173.25,-4860.0,5502.0,1484.96,0.339,2.6,True,True,True,True,True,True,114.474,77.085,0.052528101893405135,6.9478101893405135
3,P98,1.0/99.0 pct of 100d moves,69,07:30,10:30,B,B: 07:00-08:45 PST / 10:00-11:45 ET (15-min),iron_condor,neutral,60,62,95.2,20812.45,10021.9,2,41624.9,207.67,803.04,1606.08,99577.0,187.5,-6866.0,5502.0,1755.58,0.457,2.7,True,True,True,True,True,True,114.471,83.01500000000001,0.0801285185443878,10.297851854438779
3,P98,1.0/99.0 pct of 100d moves,69,07:30,10:30,B,B: 07:00-08:45 PST / 10:00-11:45 ET (15-min),iron_condor,neutral,55,63,95.2,20501.43,9906.98,3,61504.29,206.94,799.96,2399.88,151192.4,193.5,-6866.0,5502.0,1741.61,0.459,2.7,True,True,True,True,True,True,114.27199999999999,83.04500000000002,0.08074710961362595,10.369710961362594
3,P100,0.0/100.0 pct (min/max of 100d moves),86,07:30,10:30,B,B: 07:00-08:45 PST / 10:00-11:45 ET (15-min),iron_condor,neutral,40,60,90.0,21378.33,9741.4,3,64134.99,219.46,517.74,1553.22,93193.2,196.0,-4860.0,5502.0,1534.35,0.337,2.6,True,True,True,True,True,True,114.208,77.055,0.05314841809185538,6.999841809185538
3,P98,1.0/99.0 pct of 100d moves,69,07:45,10:45,B,B: 07:00-08:45 PST / 10:00-11:45 ET (15-min),iron_condor,with_flow,35,65,93.8,19715.26,9197.71,3,59145.78,214.35,630.16,1890.48,122881.2,378.0,-8718.0,5195.0,2183.07,0.289,2.9,True,True,True,True,True,True,114.095,79.375,0.06851270588005058,8.296270588005058
3,P98,1.0/99.0 pct of 100d moves,69,07:45,10:45,B,B: 07:00-08:45 PST / 10:00-11:45 ET (15-min),iron_condor,against_flow,35,65,93.8,19715.26,9197.71,3,59145.78,214.35,630.16,1890.48,122881.2,378.0,-8718.0,5195.0,2183.07,0.289,2.9,True,True,True,True,True,True,114.095,79.375,0.06851270588005058,8.296270588005058
5,P100,0.0/100.0 pct (min/max of 100d moves),86,07:15,10:15,B,B: 07:00-08:45 PST / 10:00-11:45 ET (15-min),iron_condor,neutral,15,57,98.2,16512.6,7988.51,3,49537.8,206.7,1009.29,3027.87,172588.6,165.5,-40.0,26895.0,3581.84,0.282,3.7,True,True,True,True,True,True,113.92999999999998,82.79,0.1263427097168308,14.044270971683078
5,P100,0.0/100.0 pct (min/max of 100d moves),86,07:15,10:15,B,B: 07:00-08:45 PST / 10:00-11:45 ET (15-min),iron_condor,neutral,20,58,98.3,16208.52,7885.17,3,48625.56,205.56,982.2,2946.6,170902.8,159.0,-40.0,26895.0,3554.5,0.276,3.7,True,True,True,True,True,True,113.578,82.78,0.1245629453772081,13.83629453772081
3,P98,1.0/99.0 pct of 100d moves,69,07:45,10:45,B,B: 07:00-08:45 PST / 10:00-11:45 ET (15-min),iron_condor,with_flow,40,65,92.3,19686.42,9242.43,3,59059.26,213.0,570.38,1711.14,111224.1,334.0,-8718.0,5195.0,2208.96,0.258,2.9,True,True,True,True,True,True,112.63,77.71000000000001,0.061713207457346174,7.461320745734618
3,P98,1.0/99.0 pct of 100d moves,69,07:45,10:45,B,B: 07:00-08:45 PST / 10:00-11:45 ET (15-min),iron_condor,against_flow,40,65,92.3,19686.42,9242.43,3,59059.26,213.0,570.38,1711.14,111224.1,334.0,-8718.0,5195.0,2208.96,0.258,2.9,True,True,True,True,True,True,112.63,77.71000000000001,0.061713207457346174,7.461320745734618
3,P98,1.0/99.0 pct of 100d moves,69,07:45,10:45,B,B: 07:00-08:45 PST / 10:00-11:45 ET (15-min),iron_condor,neutral,30,71,93.0,18589.37,8926.65,3,55768.11,208.25,731.65,2194.95,155841.4,444.5,-8718.0,5411.0,2183.37,0.335,2.9,True,True,True,True,True,True,112.32499999999999,79.42500000000001,0.08196243831672576,9.871243831672576
5,P100,0.0/100.0 pct (min/max of 100d moves),86,07:30,10:30,B,B: 07:00-08:45 PST / 10:00-11:45 ET (15-min),iron_condor,neutral,85,60,91.7,22980.67,11274.7,2,45961.34,203.83,1126.07,2252.14,135128.4,240.75,-8915.0,8510.0,2468.56,0.456,3.5,True,True,True,True,True,True,111.559,80.2,0.0998758281816811,12.267582818168112
5,P100,0.0/100.0 pct (min/max of 100d moves),86,07:15,10:15,B,B: 07:00-08:45 PST / 10:00-11:45 ET (15-min),iron_condor,neutral,25,55,98.2,17261.53,8738.42,3,51784.59,197.54,1120.23,3360.69,184838.0,159.5,-40.0,26895.0,3659.87,0.306,3.7,True,True,True,True,True,True,111.422,83.15,0.12819594388916988,14.349594388916987
5,P100,0.0/100.0 pct (min/max of 100d moves),86,07:15,10:15,B,B: 07:00-08:45 PST / 10:00-11:45 ET (15-min),iron_condor,with_flow,30,52,98.1,18265.1,9260.08,3,54795.3,197.25,1200.42,3601.26,187265.5,227.5,-40.0,26895.0,3770.0,0.318,3.7,True,True,True,True,True,True,111.405,83.25,0.12963386925382936,14.553386925382936
5,P100,0.0/100.0 pct (min/max of 100d moves),86,07:15,10:15,B,B: 07:00-08:45 PST / 10:00-11:45 ET (15-min),iron_condor,against_flow,30,52,98.1,18265.1,9260.08,3,54795.3,197.25,1200.42,3601.26,187265.5,227.5,-40.0,26895.0,3770.0,0.318,3.7,True,True,True,True,True,True,111.405,83.25,0.12963386925382936,14.553386925382936
3,P98,1.0/99.0 pct of 100d moves,69,07:30,10:30,B,B: 07:00-08:45 PST / 10:00-11:45 ET (15-min),iron_condor,with_flow,65,61,91.8,21401.36,10463.72,2,42802.72,204.53,831.03,1662.06,101385.7,202.5,-6866.0,7224.5,2285.21,0.364,2.6,True,True,True,True,True,True,110.899,78.89999999999999,0.0794201297435329,9.76201297435329
3,P98,1.0/99.0 pct of 100d moves,69,07:30,10:30,B,B: 07:00-08:45 PST / 10:00-11:45 ET (15-min),iron_condor,against_flow,65,61,91.8,21401.36,10463.72,2,42802.72,204.53,831.03,1662.06,101385.7,202.5,-6866.0,7224.5,2285.21,0.364,2.6,True,True,True,True,True,True,110.899,78.89999999999999,0.0794201297435329,9.76201297435329
3,P98,1.0/99.0 pct of 100d moves,69,07:45,10:45,B,B: 07:00-08:45 PST / 10:00-11:45 ET (15-min),iron_condor,neutral,35,72,93.1,18325.21,9075.18,3,54975.63,201.93,663.15,1989.45,143240.4,356.0,-8718.0,5411.0,2268.99,0.292,2.9,True,True,True,True,True,True,110.049,78.86,0.07307293078484393,8.767293078484393
3,P98,1.0/99.0 pct of 100d moves,69,07:45,10:45,B,B: 07:00-08:45 PST / 10:00-11:45 ET (15-min),iron_condor,neutral,40,72,91.7,18299.17,9115.56,3,54897.51,200.75,609.18,1827.54,131582.9,291.25,-8718.0,5411.0,2292.32,0.266,2.9,True,True,True,True,True,True,108.73499999999999,77.35,0.0668285876018588,8.012858760185878
1,P100,0.0/100.0 pct (min/max of 100d moves),60,09:00,12:00,C,C: 09:00-12:30 PST / 12:00-15:30 ET (30-min),iron_condor,against_flow,55,58,93.1,21671.74,11223.0,2,43343.48,193.1,484.64,969.28,56218.2,201.5,-6896.0,4952.5,1490.13,0.325,0.9,True,True,True,True,True,True,107.72999999999999,79.355,0.04318274971041611,5.94327497104161
1,P100,0.0/100.0 pct (min/max of 100d moves),60,09:00,12:00,C,C: 09:00-12:30 PST / 12:00-15:30 ET (30-min),iron_condor,with_flow,55,58,93.1,21671.74,11223.0,2,43343.48,193.1,484.64,969.28,56218.2,201.5,-6896.0,4952.5,1490.13,0.325,0.9,True,True,True,True,True,True,107.72999999999999,79.355,0.04318274971041611,5.94327497104161
3,P98,1.0/99.0 pct of 100d moves,69,07:30,10:30,B,B: 07:00-08:45 PST / 10:00-11:45 ET (15-min),iron_condor,neutral,65,66,92.4,19847.39,10293.06,2,39694.78,192.82,801.75,1603.5,105831.0,192.0,-6866.0,7224.5,2207.55,0.363,2.7,True,True,True,True,True,True,107.676,79.36500000000001,0.0778922885905649,9.60422885905649
1,P100,0.0/100.0 pct (min/max of 100d moves),60,09:00,12:00,C,C: 09:00-12:30 PST / 12:00-15:30 ET (30-min),iron_condor,with_flow,60,58,93.1,21658.6,11240.24,2,43317.2,192.69,454.26,908.52,52694.2,201.5,-6896.0,4952.5,1578.35,0.288,0.9,True,True,True,True,True,True,107.237,78.8,0.04041372782075828,5.4813727820758285
1,P100,0.0/100.0 pct (min/max of 100d moves),60,09:00,12:00,C,C: 09:00-12:30 PST / 12:00-15:30 ET (30-min),iron_condor,against_flow,60,58,93.1,21658.6,11240.24,2,43317.2,192.69,454.26,908.52,52694.2,201.5,-6896.0,4952.5,1578.35,0.288,0.9,True,True,True,True,True,True,107.237,78.8,0.04041372782075828,5.4813727820758285
5,P100,0.0/100.0 pct (min/max of 100d moves),86,07:15,10:15,B,B: 07:00-08:45 PST / 10:00-11:45 ET (15-min),iron_condor,neutral,30,55,98.2,17338.73,9468.76,3,52016.19,183.12,1169.9,3509.7,193033.5,240.0,-40.0,26895.0,3667.4,0.319,3.7,True,True,True,True,True,True,107.226,83.345,0.12355366489381926,13.950366489381928
5,P100,0.0/100.0 pct (min/max of 100d moves),86,07:15,10:15,B,B: 07:00-08:45 PST / 10:00-11:45 ET (15-min),iron_condor,with_flow,40,54,96.3,17560.09,9595.83,3,52680.27,183.0,1115.02,3345.06,180633.2,230.0,-70.0,26895.0,3700.36,0.301,3.7,True,True,True,True,True,True,106.06,81.555,0.11619839034247167,13.124839034247167
5,P100,0.0/100.0 pct (min/max of 100d moves),86,07:15,10:15,B,B: 07:00-08:45 PST / 10:00-11:45 ET (15-min),iron_condor,against_flow,40,54,96.3,17560.09,9595.83,3,52680.27,183.0,1115.02,3345.06,180633.2,230.0,-70.0,26895.0,3700.36,0.301,3.7,True,True,True,True,True,True,106.06,81.555,0.11619839034247167,13.124839034247167
5,P100,0.0/100.0 pct (min/max of 100d moves),86,07:15,10:15,B,B: 07:00-08:45 PST / 10:00-11:45 ET (15-min),iron_condor,with_flow,35,54,96.3,17560.0,9595.83,3,52680.0,183.0,1114.97,3344.91,180625.1,230.0,-70.0,26895.0,3700.36,0.301,3.7,True,True,True,True,True,True,106.06,81.555,0.11619317974578541,13.124317974578542
5,P100,0.0/100.0 pct (min/max of 100d moves),86,07:15,10:15,B,B: 07:00-08:45 PST / 10:00-11:45 ET (15-min),iron_condor,against_flow,35,54,96.3,17560.0,9595.83,3,52680.0,183.0,1114.97,3344.91,180625.1,230.0,-70.0,26895.0,3700.36,0.301,3.7,True,True,True,True,True,True,106.06,81.555,0.11619317974578541,13.124317974578542
3,P98,1.0/99.0 pct of 100d moves,69,07:45,10:45,B,B: 07:00-08:45 PST / 10:00-11:45 ET (15-min),iron_condor,with_flow,55,65,93.8,19846.45,10712.0,2,39692.9,185.27,686.59,1373.18,89256.7,507.0,-8718.0,6472.0,2218.56,0.309,2.9,True,True,True,True,True,True,105.571,79.67500000000001,0.06409540702016431,7.9545407020164305
3,P98,1.0/99.0 pct of 100d moves,69,07:45,10:45,B,B: 07:00-08:45 PST / 10:00-11:45 ET (15-min),iron_condor,against_flow,55,65,93.8,19846.45,10712.0,2,39692.9,185.27,686.59,1373.18,89256.7,507.0,-8718.0,6472.0,2218.56,0.309,2.9,True,True,True,True,True,True,105.571,79.67500000000001,0.06409540702016431,7.9545407020164305
5,P99,0.5/99.5 pct of 100d moves,86,07:30,10:30,B,B: 07:00-08:45 PST / 10:00-11:45 ET (15-min),iron_condor,with_flow,60,57,91.2,21952.51,11854.54,2,43905.02,185.18,525.69,1051.38,59928.7,143.0,-3080.0,5514.0,1349.26,0.39,3.5,True,True,True,True,True,True,105.054,78.81,0.044345035741580864,6.384503574158087
5,P99,0.5/99.5 pct of 100d moves,86,07:30,10:30,B,B: 07:00-08:45 PST / 10:00-11:45 ET (15-min),iron_condor,with_flow,55,57,91.2,21952.51,11854.54,2,43905.02,185.18,525.69,1051.38,59928.7,143.0,-3080.0,5514.0,1349.26,0.39,3.5,True,True,True,True,True,True,105.054,78.81,0.044345035741580864,6.384503574158087
5,P99,0.5/99.5 pct of 100d moves,86,07:30,10:30,B,B: 07:00-08:45 PST / 10:00-11:45 ET (15-min),iron_condor,against_flow,60,57,91.2,21952.51,11854.54,2,43905.02,185.18,525.69,1051.38,59928.7,143.0,-3080.0,5514.0,1349.26,0.39,3.5,True,True,True,True,True,True,105.054,78.81,0.044345035741580864,6.384503574158087
5,P99,0.5/99.5 pct of 100d moves,86,07:30,10:30,B,B: 07:00-08:45 PST / 10:00-11:45 ET (15-min),iron_condor,against_flow,55,57,91.2,21952.51,11854.54,2,43905.02,185.18,525.69,1051.38,59928.7,143.0,-3080.0,5514.0,1349.26,0.39,3.5,True,True,True,True,True,True,105.054,78.81,0.044345035741580864,6.384503574158087
3,P100,0.0/100.0 pct (min/max of 100d moves),86,07:30,10:30,B,B: 07:00-08:45 PST / 10:00-11:45 ET (15-min),iron_condor,neutral,60,62,90.3,21050.69,11107.11,2,42101.38,189.52,624.81,1249.62,77476.4,227.5,-6750.0,6116.5,2088.93,0.299,2.6,True,True,True,True,True,True,104.99600000000001,76.725,0.0562531567617499,7.1203156761749895
3,P100,0.0/100.0 pct (min/max of 100d moves),86,07:30,10:30,B,B: 07:00-08:45 PST / 10:00-11:45 ET (15-min),iron_condor,neutral,55,62,90.3,21050.69,11107.11,2,42101.38,189.52,624.81,1249.62,77476.4,227.5,-6750.0,6116.5,2088.93,0.299,2.6,True,True,True,True,True,True,104.99600000000001,76.725,0.0562531567617499,7.1203156761749895
3,P98,1.0/99.0 pct of 100d moves,69,07:45,10:45,B,B: 07:00-08:45 PST / 10:00-11:45 ET (15-min),iron_condor,with_flow,60,65,93.8,19813.12,10712.0,2,39626.24,184.96,607.12,1214.24,78925.6,507.0,-8718.0,6472.0,2410.81,0.252,2.9,True,True,True,True,True,True,104.908,78.82000000000001,0.05667662434652726,6.927662434652726
3,P98,1.0/99.0 pct of 100d moves,69,07:45,10:45,B,B: 07:00-08:45 PST / 10:00-11:45 ET (15-min),iron_condor,against_flow,60,65,93.8,19813.12,10712.0,2,39626.24,184.96,607.12,1214.24,78925.6,507.0,-8718.0,6472.0,2410.81,0.252,2.9,True,True,True,True,True,True,104.908,78.82000000000001,0.05667662434652726,6.927662434652726
5,P99,0.5/99.5 pct of 100d moves,86,07:30,10:30,B,B: 07:00-08:45 PST / 10:00-11:45 ET (15-min),iron_condor,with_flow,65,59,91.5,21687.54,11822.41,2,43375.08,183.44,561.83,1123.66,66295.9,143.0,-3080.0,5514.0,1374.55,0.409,3.4,True,True,True,True,True,True,104.872,79.33500000000001,0.0475224594646946,6.7972459464694595
5,P99,0.5/99.5 pct of 100d moves,86,07:30,10:30,B,B: 07:00-08:45 PST / 10:00-11:45 ET (15-min),iron_condor,against_flow,65,59,91.5,21687.54,11822.41,2,43375.08,183.44,561.83,1123.66,66295.9,143.0,-3080.0,5514.0,1374.55,0.409,3.4,True,True,True,True,True,True,104.872,79.33500000000001,0.0475224594646946,6.7972459464694595
5,P100,0.0/100.0 pct (min/max of 100d moves),86,07:15,10:15,B,B: 07:00-08:45 PST / 10:00-11:45 ET (15-min),iron_condor,with_flow,45,54,96.3,17581.89,9835.96,3,52745.67,178.75,1125.92,3377.76,182399.0,230.0,-70.0,26895.0,3702.95,0.304,3.7,True,True,True,True,True,True,104.815,81.60000000000001,0.11446976197544521,12.96697619754452
