dte,band,band_description,max_width_cap,time_pst,time_et,time_bucket_id,time_bucket,spread_type,flow_mode,spread_width,n_trades,win_rate_pct,avg_credit,avg_max_risk,n_contracts,avg_credit_30k,roi_pct,avg_pnl,avg_pnl_30k,total_pnl_30k,median_pnl,min_pnl,max_pnl,pnl_std,sharpe,avg_hold_days,pass_win_rate,pass_roi,pass_min_trades,pass_sharpe,pass_avg_pnl,successful,score_balanced,score_risk_adjusted,capital_efficiency,score_capital_efficient,profile
5,P95,2.5/97.5 pct of 100d moves,52,07:30,10:30,B,B: 07:00-08:45 PST / 10:00-11:45 ET (15-min),call_spread,with_flow,5,16,100.0,525.25,8943.5,3,1575.75,5.87,262.62,787.86,12605.8,204.75,55.0,577.0,148.28,1.771,4.0,True,True,True,True,True,True,69.471,106.565,0.029364342818806954,11.791434281880695,conservative
5,P95,2.5/97.5 pct of 100d moves,52,07:30,10:30,B,B: 07:00-08:45 PST / 10:00-11:45 ET (15-min),call_spread,with_flow,10,16,100.0,525.25,8943.5,3,1575.75,5.87,262.62,787.86,12605.8,204.75,55.0,577.0,148.28,1.771,4.0,True,True,True,True,True,True,69.471,106.565,0.029364342818806954,11.791434281880695,conservative
5,P95,2.5/97.5 pct of 100d moves,52,07:30,10:30,B,B: 07:00-08:45 PST / 10:00-11:45 ET (15-min),call_spread,with_flow,15,16,100.0,525.25,8943.5,3,1575.75,5.87,262.62,787.86,12605.8,204.75,55.0,577.0,148.28,1.771,4.0,True,True,True,True,True,True,69.471,106.565,0.029364342818806954,11.791434281880695,conservative
5,P95,2.5/97.5 pct of 100d moves,52,07:30,10:30,B,B: 07:00-08:45 PST / 10:00-11:45 ET (15-min),call_spread,with_flow,20,16,100.0,525.25,8943.5,3,1575.75,5.87,262.62,787.86,12605.8,204.75,55.0,577.0,148.28,1.771,4.0,True,True,True,True,True,True,69.471,106.565,0.029364342818806954,11.791434281880695,conservative
5,P95,2.5/97.5 pct of 100d moves,52,07:30,10:30,B,B: 07:00-08:45 PST / 10:00-11:45 ET (15-min),call_spread,with_flow,25,15,100.0,536.73,9629.93,3,1610.19,5.57,268.37,805.11,12076.6,199.5,55.0,790.0,190.33,1.41,4.0,True,True,True,True,True,True,65.771,101.15,0.027868323030385476,9.836832303038548,conservative
5,P95,2.5/97.5 pct of 100d moves,52,07:30,10:30,B,B: 07:00-08:45 PST / 10:00-11:45 ET (15-min),call_spread,with_flow,30,17,100.0,571.35,11046.29,2,1142.7,5.17,285.68,571.36,9713.1,203.5,28.5,790.0,205.2,1.392,4.0,True,True,True,True,True,True,65.471,100.88,0.025862076769666557,9.546207676966654,conservative
1,P97,1.5/98.5 pct of 100d moves,36,06:30,09:30,A,A: 06:30-06:50 PST / 09:30-09:50 ET (10-min),call_spread,with_flow,10,10,100.0,206.8,1743.2,17,3515.6,11.86,103.4,1757.8,17578.0,78.75,16.0,212.5,78.2,1.322,1.0,True,True,True,True,True,True,66.77799999999999,99.83,0.059316200091785225,12.541620009178523,conservative
3,P99,0.5/99.5 pct of 100d moves,86,08:45,11:45,B,B: 07:00-08:45 PST / 10:00-11:45 ET (15-min),put_spread,with_flow,5,13,100.0,657.23,6342.77,4,2628.92,10.36,329.0,1316.0,17108.0,322.5,10.0,886.0,253.33,1.299,2.9,True,True,True,True,True,True,66.098,99.485,0.05187008199887431,11.68200819988743,conservative
3,P99,0.5/99.5 pct of 100d moves,86,08:45,11:45,B,B: 07:00-08:45 PST / 10:00-11:45 ET (15-min),put_spread,with_flow,10,13,100.0,657.23,6342.77,4,2628.92,10.36,329.0,1316.0,17108.0,322.5,10.0,886.0,253.33,1.299,2.9,True,True,True,True,True,True,66.098,99.485,0.05187008199887431,11.68200819988743,conservative
3,P98,1.0/99.0 pct of 100d moves,69,08:15,11:15,B,B: 07:00-08:45 PST / 10:00-11:45 ET (15-min),put_spread,with_flow,20,11,100.0,484.73,4333.45,6,2908.38,11.19,242.64,1455.84,16014.2,209.5,6.0,539.0,187.42,1.295,2.9,True,True,True,True,True,True,66.307,99.425,0.0559923386678051,12.07423386678051,conservative
3,P98,1.0/99.0 pct of 100d moves,69,08:15,11:15,B,B: 07:00-08:45 PST / 10:00-11:45 ET (15-min),put_spread,with_flow,15,11,100.0,484.73,4333.45,6,2908.38,11.19,242.64,1455.84,16014.2,209.5,6.0,539.0,187.42,1.295,2.9,True,True,True,True,True,True,66.307,99.425,0.0559923386678051,12.07423386678051,conservative
3,P100,0.0/100.0 pct (min/max of 100d moves),86,07:00,10:00,B,B: 07:00-08:45 PST / 10:00-11:45 ET (15-min),put_spread,with_flow,25,14,100.0,1985.86,4514.14,6,11915.16,43.99,992.93,5957.58,83406.1,773.0,4.0,2255.0,770.23,1.289,3.0,True,True,True,True,True,True,76.087,99.335,0.21995994807427324,28.440994807427323,conservative
3,P100,0.0/100.0 pct (min/max of 100d moves),86,07:00,10:00,B,B: 07:00-08:45 PST / 10:00-11:45 ET (15-min),put_spread,with_flow,50,16,100.0,1927.75,6822.25,4,7711.0,28.26,963.88,3855.52,61688.3,786.25,35.0,2255.0,759.44,1.269,3.0,True,True,True,True,True,True,71.168,99.035,0.14128476675583568,20.473476675583566,conservative
3,P100,0.0/100.0 pct (min/max of 100d moves),86,07:00,10:00,B,B: 07:00-08:45 PST / 10:00-11:45 ET (15-min),put_spread,with_flow,45,16,100.0,1927.75,6822.25,4,7711.0,28.26,963.88,3855.52,61688.3,786.25,35.0,2255.0,759.44,1.269,3.0,True,True,True,True,True,True,71.168,99.035,0.14128476675583568,20.473476675583566,conservative
3,P100,0.0/100.0 pct (min/max of 100d moves),86,07:00,10:00,B,B: 07:00-08:45 PST / 10:00-11:45 ET (15-min),put_spread,with_flow,40,16,100.0,1989.62,6322.88,4,7958.48,31.47,994.81,3979.24,63667.8,786.25,35.0,2255.0,792.65,1.255,3.0,True,True,True,True,True,True,71.991,98.825,0.15733494863100358,22.008494863100356,conservative
3,P100,0.0/100.0 pct (min/max of 100d moves),86,07:00,10:00,B,B: 07:00-08:45 PST / 10:00-11:45 ET (15-min),put_spread,with_flow,35,16,100.0,1990.88,6134.12,4,7963.52,32.46,995.44,3981.76,63708.2,773.0,35.0,2255.0,794.7,1.253,3.0,True,True,True,True,True,True,72.268,98.795,0.16227918593050022,22.492918593050025,conservative
1,P98,1.0/99.0 pct of 100d moves,48,06:30,09:30,A,A: 06:30-06:50 PST / 09:30-09:50 ET (10-min),call_spread,with_flow,5,10,100.0,179.0,3471.0,8,1432.0,5.16,89.5,716.0,7160.0,68.5,7.0,212.5,72.07,1.242,1.0,True,True,True,True,True,True,63.968,98.63,0.0257850763468741,8.78850763468741,conservative
1,P98,1.0/99.0 pct of 100d moves,48,06:30,09:30,A,A: 06:30-06:50 PST / 09:30-09:50 ET (10-min),call_spread,with_flow,10,10,100.0,179.0,3471.0,8,1432.0,5.16,89.5,716.0,7160.0,68.5,7.0,212.5,72.07,1.242,1.0,True,True,True,True,True,True,63.968,98.63,0.0257850763468741,8.78850763468741,conservative
3,P98,1.0/99.0 pct of 100d moves,69,08:15,11:15,B,B: 07:00-08:45 PST / 10:00-11:45 ET (15-min),put_spread,with_flow,10,10,100.0,479.7,4620.3,6,2878.2,10.38,240.15,1440.9,14409.0,196.25,6.0,539.0,197.37,1.217,2.9,True,True,True,True,True,True,65.284,98.255,0.05197714434127654,11.282714434127655,conservative
3,P98,1.0/99.0 pct of 100d moves,69,08:15,11:15,B,B: 07:00-08:45 PST / 10:00-11:45 ET (15-min),put_spread,with_flow,5,10,100.0,479.7,4620.3,6,2878.2,10.38,240.15,1440.9,14409.0,196.25,6.0,539.0,197.37,1.217,2.9,True,True,True,True,True,True,65.284,98.255,0.05197714434127654,11.282714434127655,conservative
3,P100,0.0/100.0 pct (min/max of 100d moves),86,07:00,10:00,B,B: 07:00-08:45 PST / 10:00-11:45 ET (15-min),put_spread,with_flow,30,16,100.0,1966.25,5908.75,5,9831.25,33.28,983.12,4915.6,78649.6,773.0,4.0,2255.0,825.8,1.191,3.0,True,True,True,True,True,True,71.894,97.86500000000001,0.16638375290882165,22.593375290882165,conservative
1,P98,1.0/99.0 pct of 100d moves,48,07:15,10:15,B,B: 07:00-08:45 PST / 10:00-11:45 ET (15-min),put_spread,against_flow,5,17,100.0,410.29,3619.12,8,3282.32,11.34,205.15,1641.2,27900.4,253.0,2.5,463.5,174.29,1.177,1.0,True,True,True,True,True,True,65.172,97.655,0.05668505050951613,11.553505050951614,conservative
3,P98,1.0/99.0 pct of 100d moves,69,08:00,11:00,B,B: 07:00-08:45 PST / 10:00-11:45 ET (15-min),put_spread,with_flow,30,15,100.0,842.33,4691.0,6,5053.98,17.96,421.17,2527.02,37905.3,361.5,3.5,1182.5,362.35,1.162,3.0,True,True,True,True,True,True,67.008,97.43,0.08978256235344277,14.788256235344278,conservative
3,P98,1.0/99.0 pct of 100d moves,69,10:00,13:00,C,C: 09:00-12:30 PST / 12:00-15:30 ET (30-min),put_spread,with_flow,25,11,100.0,430.36,6296.91,4,1721.44,6.83,215.18,860.72,9467.9,151.0,2.5,530.5,186.25,1.155,3.0,True,True,True,True,True,True,63.599000000000004,97.325,0.03417231626305601,9.1922316263056,conservative
3,P98,1.0/99.0 pct of 100d moves,69,08:00,11:00,B,B: 07:00-08:45 PST / 10:00-11:45 ET (15-min),put_spread,with_flow,15,15,100.0,844.73,3988.6,7,5913.11,21.18,422.37,2956.59,44348.9,361.5,3.5,1182.5,365.94,1.154,3.0,True,True,True,True,True,True,67.894,97.31,0.10589429875144162,16.35942987514416,conservative
3,P98,1.0/99.0 pct of 100d moves,69,08:00,11:00,B,B: 07:00-08:45 PST / 10:00-11:45 ET (15-min),put_spread,with_flow,20,15,100.0,844.73,3988.6,7,5913.11,21.18,422.37,2956.59,44348.9,361.5,3.5,1182.5,365.94,1.154,3.0,True,True,True,True,True,True,67.894,97.31,0.10589429875144162,16.35942987514416,conservative
3,P98,1.0/99.0 pct of 100d moves,69,08:00,11:00,B,B: 07:00-08:45 PST / 10:00-11:45 ET (15-min),put_spread,with_flow,25,15,100.0,837.0,4196.33,7,5859.0,19.95,418.5,2929.5,43942.5,361.5,3.5,1182.5,365.27,1.146,3.0,True,True,True,True,True,True,67.445,97.19,0.09973000216856158,15.703000216856157,conservative
3,P98,1.0/99.0 pct of 100d moves,69,10:30,13:30,C,C: 09:00-12:30 PST / 12:00-15:30 ET (30-min),put_spread,against_flow,20,14,100.0,611.21,4460.21,6,3667.26,13.7,305.79,1834.74,25686.4,317.5,1.5,845.0,279.63,1.094,3.0,True,True,True,True,True,True,65.05,96.41,0.06855955212871143,12.325955212871143,conservative
3,P98,1.0/99.0 pct of 100d moves,69,10:30,13:30,C,C: 09:00-12:30 PST / 12:00-15:30 ET (30-min),put_spread,against_flow,15,14,100.0,611.21,4460.21,6,3667.26,13.7,305.79,1834.74,25686.4,317.5,1.5,845.0,279.63,1.094,3.0,True,True,True,True,True,True,65.05,96.41,0.06855955212871143,12.325955212871143,conservative
3,P98,1.0/99.0 pct of 100d moves,69,10:00,13:00,C,C: 09:00-12:30 PST / 12:00-15:30 ET (30-min),put_spread,with_flow,20,12,100.0,416.5,4833.5,6,2499.0,8.62,208.25,1249.5,14994.0,141.75,2.5,530.5,191.29,1.089,3.0,True,True,True,True,True,True,63.476,96.33500000000001,0.043084721216509775,9.753472121650978,conservative
3,P98,1.0/99.0 pct of 100d moves,69,10:00,13:00,C,C: 09:00-12:30 PST / 12:00-15:30 ET (30-min),put_spread,with_flow,15,12,100.0,416.5,4833.5,6,2499.0,8.62,208.25,1249.5,14994.0,141.75,2.5,530.5,191.29,1.089,3.0,True,True,True,True,True,True,63.476,96.33500000000001,0.043084721216509775,9.753472121650978,conservative
3,P98,1.0/99.0 pct of 100d moves,69,10:00,13:00,C,C: 09:00-12:30 PST / 12:00-15:30 ET (30-min),put_spread,with_flow,10,12,100.0,416.5,4833.5,6,2499.0,8.62,208.25,1249.5,14994.0,141.75,2.5,530.5,191.29,1.089,3.0,True,True,True,True,True,True,63.476,96.33500000000001,0.043084721216509775,9.753472121650978,conservative
3,P98,1.0/99.0 pct of 100d moves,69,10:00,13:00,C,C: 09:00-12:30 PST / 12:00-15:30 ET (30-min),put_spread,with_flow,5,12,100.0,416.5,4833.5,6,2499.0,8.62,208.25,1249.5,14994.0,141.75,2.5,530.5,191.29,1.089,3.0,True,True,True,True,True,True,63.476,96.33500000000001,0.043084721216509775,9.753472121650978,conservative
1,P100,0.0/100.0 pct (min/max of 100d moves),60,08:00,11:00,B,B: 07:00-08:45 PST / 10:00-11:45 ET (15-min),put_spread,with_flow,30,16,100.0,1063.94,5529.81,5,5319.7,19.24,531.97,2659.85,42557.6,488.5,4.0,1561.0,488.87,1.088,1.0,True,True,True,True,True,True,66.652,96.32,0.0962004119490543,15.06004119490543,conservative
1,P98,1.0/99.0 pct of 100d moves,48,11:30,14:30,C,C: 09:00-12:30 PST / 12:00-15:30 ET (30-min),put_spread,with_flow,20,12,100.0,799.5,2450.5,12,9594.0,32.63,399.75,4797.0,57564.0,386.75,2.5,990.0,367.58,1.088,1.0,True,True,True,True,True,True,70.669,96.32,0.16312997347480107,21.752997347480107,conservative
3,P99,0.5/99.5 pct of 100d moves,86,09:30,12:30,C,C: 09:00-12:30 PST / 12:00-15:30 ET (30-min),put_spread,with_flow,70,15,100.0,1757.73,8108.93,3,5273.19,21.68,878.87,2636.61,39549.2,575.0,2.5,2223.5,811.69,1.083,3.0,True,True,True,True,True,True,67.334,96.245,0.10838298024523581,16.25329802452358,conservative
3,P99,0.5/99.5 pct of 100d moves,86,09:30,12:30,C,C: 09:00-12:30 PST / 12:00-15:30 ET (30-min),put_spread,with_flow,65,15,100.0,1757.73,8108.93,3,5273.19,21.68,878.87,2636.61,39549.2,575.0,2.5,2223.5,811.69,1.083,3.0,True,True,True,True,True,True,67.334,96.245,0.10838298024523581,16.25329802452358,conservative
1,P100,0.0/100.0 pct (min/max of 100d moves),60,06:30,09:30,A,A: 06:30-06:50 PST / 09:30-09:50 ET (10-min),put_spread,against_flow,20,13,100.0,489.62,1971.92,15,7344.3,24.83,244.81,3672.15,47738.0,167.5,5.0,629.5,226.01,1.083,1.1,True,True,True,True,True,True,68.279,96.245,0.12414803845997809,17.82980384599781,conservative
1,P95,2.5/97.5 pct of 100d moves,36,11:30,14:30,C,C: 09:00-12:30 PST / 12:00-15:30 ET (30-min),put_spread,with_flow,15,10,100.0,1268.8,3131.2,9,11419.2,40.52,634.4,5709.6,57096.0,595.0,7.5,2065.0,590.3,1.075,1.0,True,True,True,True,True,True,72.906,96.125,0.2026060296371998,25.635602963719982,conservative
3,P99,0.5/99.5 pct of 100d moves,86,09:30,12:30,C,C: 09:00-12:30 PST / 12:00-15:30 ET (30-min),put_spread,with_flow,30,16,100.0,1394.0,5074.75,5,6970.0,27.47,697.0,3485.0,55760.0,517.5,2.0,2029.0,652.42,1.068,3.0,True,True,True,True,True,True,68.92099999999999,96.02,0.13734666732351347,19.074666732351346,conservative
1,P99,0.5/99.5 pct of 100d moves,60,08:00,11:00,B,B: 07:00-08:45 PST / 10:00-11:45 ET (15-min),put_spread,with_flow,30,14,100.0,916.14,4976.71,6,5496.84,18.41,458.07,2748.42,38477.9,405.75,4.0,1380.0,428.88,1.068,1.0,True,True,True,True,True,True,66.203,96.02,0.09204273505990905,14.544273505990905,conservative
1,P100,0.0/100.0 pct (min/max of 100d moves),60,08:00,11:00,B,B: 07:00-08:45 PST / 10:00-11:45 ET (15-min),put_spread,with_flow,15,15,100.0,725.47,4241.2,7,5078.29,17.11,362.73,2539.11,38086.6,352.5,4.0,1017.5,341.19,1.063,1.0,True,True,True,True,True,True,65.763,95.945,0.0855253230217863,13.86753230217863,conservative
1,P100,0.0/100.0 pct (min/max of 100d moves),60,08:00,11:00,B,B: 07:00-08:45 PST / 10:00-11:45 ET (15-min),put_spread,with_flow,20,15,100.0,725.47,4241.2,7,5078.29,17.11,362.73,2539.11,38086.6,352.5,4.0,1017.5,341.19,1.063,1.0,True,True,True,True,True,True,65.763,95.945,0.0855253230217863,13.86753230217863,conservative
3,P98,1.0/99.0 pct of 100d moves,69,07:00,10:00,B,B: 07:00-08:45 PST / 10:00-11:45 ET (15-min),put_spread,with_flow,5,12,100.0,406.08,2760.58,10,4060.8,14.71,203.12,2031.2,24374.4,150.0,2.0,557.5,191.61,1.06,2.9,True,True,True,True,True,True,65.013,95.9,0.07357874069941824,12.657874069941824,conservative
1,P98,1.0/99.0 pct of 100d moves,48,11:30,14:30,C,C: 09:00-12:30 PST / 12:00-15:30 ET (30-min),put_spread,with_flow,15,12,100.0,788.67,2419.67,12,9464.04,32.59,394.33,4731.96,56783.5,386.75,2.5,990.0,372.53,1.059,1.0,True,True,True,True,True,True,70.367,95.885,0.16296850396954957,21.591850396954953,conservative
1,P100,0.0/100.0 pct (min/max of 100d moves),60,06:30,09:30,A,A: 06:30-06:50 PST / 09:30-09:50 ET (10-min),put_spread,against_flow,15,11,100.0,488.55,1966.0,15,7328.25,24.85,244.27,3664.05,40304.6,167.5,5.0,629.5,231.16,1.057,1.1,True,True,True,True,True,True,68.025,95.855,0.1242472024415056,17.70972024415056,conservative
1,P95,2.5/97.5 pct of 100d moves,36,07:30,10:30,B,B: 07:00-08:45 PST / 10:00-11:45 ET (15-min),put_spread,with_flow,25,16,100.0,430.19,4632.31,6,2581.14,9.29,215.09,1290.54,20648.6,140.75,0.5,639.0,204.76,1.05,1.0,True,True,True,True,True,True,63.287,95.75,0.04643255740656389,9.89325574065639,conservative
3,P100,0.0/100.0 pct (min/max of 100d moves),86,07:00,10:00,B,B: 07:00-08:45 PST / 10:00-11:45 ET (15-min),put_spread,with_flow,5,11,100.0,1564.0,4617.82,6,9384.0,33.87,782.0,4692.0,51612.0,483.5,2.5,1987.0,746.53,1.048,3.0,True,True,True,True,True,True,70.64099999999999,95.72,0.1693439761619119,22.174397616191193,conservative
3,P100,0.0/100.0 pct (min/max of 100d moves),86,07:00,10:00,B,B: 07:00-08:45 PST / 10:00-11:45 ET (15-min),put_spread,with_flow,10,11,100.0,1564.0,4617.82,6,9384.0,33.87,782.0,4692.0,51612.0,483.5,2.5,1987.0,746.53,1.048,3.0,True,True,True,True,True,True,70.64099999999999,95.72,0.1693439761619119,22.174397616191193,conservative
3,P98,1.0/99.0 pct of 100d moves,69,08:00,11:00,B,B: 07:00-08:45 PST / 10:00-11:45 ET (15-min),put_spread,with_flow,35,17,100.0,695.65,5892.59,5,3478.25,11.81,347.97,1739.85,29577.4,318.5,3.5,1182.5,333.67,1.043,2.9,True,True,True,True,True,True,63.973,95.645,0.0590521315754193,11.12021315754193,conservative
3,P98,1.0/99.0 pct of 100d moves,69,07:30,10:30,B,B: 07:00-08:45 PST / 10:00-11:45 ET (15-min),iron_condor,neutral,10,63,92.1,19935.24,5426.68,5,99676.2,367.36,774.75,3873.75,244046.2,178.5,-997.0,7597.0,1567.26,0.494,2.7,True,True,True,True,True,True,161.19799999999998,81.08999999999999,0.14276684823870212,16.74668482387021,balanced
3,P98,1.0/99.0 pct of 100d moves,69,07:30,10:30,B,B: 07:00-08:45 PST / 10:00-11:45 ET (15-min),iron_condor,neutral,5,63,92.1,19921.19,5426.68,5,99605.95,367.1,767.72,3838.6,241831.8,178.5,-997.0,7597.0,1565.69,0.49,2.7,True,True,True,True,True,True,161.08,81.02999999999999,0.14147139687617474,16.597139687617474,balanced
3,P99,0.5/99.5 pct of 100d moves,86,07:30,10:30,B,B: 07:00-08:45 PST / 10:00-11:45 ET (15-min),iron_condor,neutral,10,53,92.5,23023.25,6270.08,4,92093.0,367.19,604.39,2417.56,128130.7,99.5,-1416.0,7906.0,1457.01,0.415,2.7,True,True,True,True,True,True,160.55700000000002,80.225,0.09639270950290905,11.714270950290905,balanced
3,P99,0.5/99.5 pct of 100d moves,86,07:30,10:30,B,B: 07:00-08:45 PST / 10:00-11:45 ET (15-min),iron_condor,neutral,5,53,92.5,22977.17,6254.64,4,91908.68,367.36,581.35,2325.4,123246.2,97.5,-1416.0,7906.0,1458.46,0.399,2.7,True,True,True,True,True,True,160.44799999999998,79.985,0.09294699615005819,11.28969961500582,balanced
3,P98,1.0/99.0 pct of 100d moves,69,07:30,10:30,B,B: 07:00-08:45 PST / 10:00-11:45 ET (15-min),iron_condor,against_flow,25,55,92.7,22545.05,6662.98,4,90180.2,338.36,637.14,2548.56,140170.8,267.5,-2987.0,5502.0,1245.53,0.512,2.7,True,True,True,True,True,True,152.978,81.84,0.09562388000564312,12.122388000564312,balanced
3,P98,1.0/99.0 pct of 100d moves,69,07:30,10:30,B,B: 07:00-08:45 PST / 10:00-11:45 ET (15-min),iron_condor,with_flow,25,55,92.7,22545.05,6662.98,4,90180.2,338.36,637.14,2548.56,140170.8,267.5,-2987.0,5502.0,1245.53,0.512,2.7,True,True,True,True,True,True,152.978,81.84,0.09562388000564312,12.122388000564312,balanced
3,P97,1.5/98.5 pct of 100d moves,52,07:45,10:45,B,B: 07:00-08:45 PST / 10:00-11:45 ET (15-min),iron_condor,against_flow,10,59,94.9,22269.78,6635.49,4,89079.12,335.62,1282.66,5130.64,302707.8,360.5,-8750.0,14835.0,3118.42,0.411,2.9,True,True,True,True,True,True,152.24599999999998,82.08500000000001,0.19330298139248195,21.385298139248196,balanced
3,P97,1.5/98.5 pct of 100d moves,52,07:45,10:45,B,B: 07:00-08:45 PST / 10:00-11:45 ET (15-min),iron_condor,with_flow,10,59,94.9,22269.78,6635.49,4,89079.12,335.62,1282.66,5130.64,302707.8,360.5,-8750.0,14835.0,3118.42,0.411,2.9,True,True,True,True,True,True,152.24599999999998,82.08500000000001,0.19330298139248195,21.385298139248196,balanced
3,P97,1.5/98.5 pct of 100d moves,52,07:45,10:45,B,B: 07:00-08:45 PST / 10:00-11:45 ET (15-min),iron_condor,with_flow,5,59,94.9,22258.39,6638.41,4,89033.56,335.3,1276.97,5107.88,301364.9,352.0,-8750.0,14835.0,3120.43,0.409,2.9,True,True,True,True,True,True,152.13,82.055,0.19236082134125493,21.28108213412549,balanced
3,P97,1.5/98.5 pct of 100d moves,52,07:45,10:45,B,B: 07:00-08:45 PST / 10:00-11:45 ET (15-min),iron_condor,against_flow,5,59,94.9,22258.39,6638.41,4,89033.56,335.3,1276.97,5107.88,301364.9,352.0,-8750.0,14835.0,3120.43,0.409,2.9,True,True,True,True,True,True,152.13,82.055,0.19236082134125493,21.28108213412549,balanced
3,P98,1.0/99.0 pct of 100d moves,69,07:30,10:30,B,B: 07:00-08:45 PST / 10:00-11:45 ET (15-min),iron_condor,against_flow,30,58,93.1,21818.4,6659.98,4,87273.6,327.6,823.91,3295.64,191147.1,295.25,-2987.0,6194.0,1534.14,0.537,2.7,True,True,True,True,True,True,150.2,82.535,0.1237105817134586,15.05605817134586,balanced
3,P98,1.0/99.0 pct of 100d moves,69,07:30,10:30,B,B: 07:00-08:45 PST / 10:00-11:45 ET (15-min),iron_condor,with_flow,30,58,93.1,21818.4,6659.98,4,87273.6,327.6,823.91,3295.64,191147.1,295.25,-2987.0,6194.0,1534.14,0.537,2.7,True,True,True,True,True,True,150.2,82.535,0.1237105817134586,15.05605817134586,balanced
3,P98,1.0/99.0 pct of 100d moves,69,07:30,10:30,B,B: 07:00-08:45 PST / 10:00-11:45 ET (15-min),iron_condor,neutral,25,61,93.4,20402.82,6465.08,4,81611.28,315.58,612.12,2448.48,149357.3,239.5,-2987.0,5502.0,1204.13,0.508,2.7,True,True,True,True,True,True,146.454,82.34000000000002,0.09468096295792164,12.008096295792164,balanced
3,P98,1.0/99.0 pct of 100d moves,69,07:30,10:30,B,B: 07:00-08:45 PST / 10:00-11:45 ET (15-min),iron_condor,neutral,30,63,93.7,20159.4,6534.98,4,80637.6,308.48,794.83,3179.32,200297.2,266.0,-2987.0,6194.0,1489.09,0.534,2.7,True,True,True,True,True,True,144.734,82.97000000000001,0.12162699809333771,14.832699809333771,balanced
3,P97,1.5/98.5 pct of 100d moves,52,07:45,10:45,B,B: 07:00-08:45 PST / 10:00-11:45 ET (15-min),iron_condor,against_flow,20,61,93.4,21272.72,6761.08,4,85090.88,314.63,1074.52,4298.08,262182.9,349.0,-8750.0,14753.0,2994.41,0.359,2.9,True,True,True,True,True,True,144.679,80.10500000000002,0.15892727197429996,17.687727197429993,balanced
3,P97,1.5/98.5 pct of 100d moves,52,07:45,10:45,B,B: 07:00-08:45 PST / 10:00-11:45 ET (15-min),iron_condor,with_flow,20,61,93.4,21272.72,6761.08,4,85090.88,314.63,1074.52,4298.08,262182.9,349.0,-8750.0,14753.0,2994.41,0.359,2.9,True,True,True,True,True,True,144.679,80.10500000000002,0.15892727197429996,17.687727197429993,balanced
3,P97,1.5/98.5 pct of 100d moves,52,07:45,10:45,B,B: 07:00-08:45 PST / 10:00-11:45 ET (15-min),iron_condor,with_flow,15,61,93.4,21267.87,6761.08,4,85071.48,314.56,1072.09,4288.36,261590.0,349.0,-8750.0,14753.0,2994.69,0.358,2.9,True,True,True,True,True,True,144.648,80.09000000000002,0.1585678619392168,17.646786193921677,balanced
3,P97,1.5/98.5 pct of 100d moves,52,07:45,10:45,B,B: 07:00-08:45 PST / 10:00-11:45 ET (15-min),iron_condor,against_flow,15,61,93.4,21267.87,6761.08,4,85071.48,314.56,1072.09,4288.36,261590.0,349.0,-8750.0,14753.0,2994.69,0.358,2.9,True,True,True,True,True,True,144.648,80.09000000000002,0.1585678619392168,17.646786193921677,balanced
3,P98,1.0/99.0 pct of 100d moves,69,07:30,10:30,B,B: 07:00-08:45 PST / 10:00-11:45 ET (15-min),iron_condor,against_flow,40,57,94.7,22106.19,7272.25,4,88424.76,303.98,783.24,3132.96,178578.7,285.5,-4992.0,5502.0,1589.9,0.493,2.8,True,True,True,True,True,True,143.474,83.155,0.10770256798102376,13.235256798102377,balanced
3,P98,1.0/99.0 pct of 100d moves,69,07:30,10:30,B,B: 07:00-08:45 PST / 10:00-11:45 ET (15-min),iron_condor,with_flow,40,57,94.7,22106.19,7272.25,4,88424.76,303.98,783.24,3132.96,178578.7,285.5,-4992.0,5502.0,1589.9,0.493,2.8,True,True,True,True,True,True,143.474,83.155,0.10770256798102376,13.235256798102377,balanced
3,P98,1.0/99.0 pct of 100d moves,69,07:30,10:30,B,B: 07:00-08:45 PST / 10:00-11:45 ET (15-min),iron_condor,against_flow,35,58,94.8,21759.95,7189.36,4,87039.8,302.67,787.18,3148.72,182625.8,295.25,-4992.0,5502.0,1576.01,0.499,2.8,True,True,True,True,True,True,143.191,83.325,0.10949236093337933,13.444236093337935,balanced
3,P98,1.0/99.0 pct of 100d moves,69,07:30,10:30,B,B: 07:00-08:45 PST / 10:00-11:45 ET (15-min),iron_condor,with_flow,35,58,94.8,21759.95,7189.36,4,87039.8,302.67,787.18,3148.72,182625.8,295.25,-4992.0,5502.0,1576.01,0.499,2.8,True,True,True,True,True,True,143.191,83.325,0.10949236093337933,13.444236093337935,balanced
3,P98,1.0/99.0 pct of 100d moves,69,07:30,10:30,B,B: 07:00-08:45 PST / 10:00-11:45 ET (15-min),iron_condor,with_flow,45,56,94.6,22524.23,7600.55,3,67572.69,296.35,773.46,2320.38,129941.3,326.75,-4992.0,5502.0,1562.37,0.495,2.8,True,True,True,True,True,True,141.155,83.10499999999999,0.10176368815414674,12.651368815414674,balanced
3,P98,1.0/99.0 pct of 100d moves,69,07:30,10:30,B,B: 07:00-08:45 PST / 10:00-11:45 ET (15-min),iron_condor,against_flow,45,56,94.6,22524.23,7600.55,3,67572.69,296.35,773.46,2320.38,129941.3,326.75,-4992.0,5502.0,1562.37,0.495,2.8,True,True,True,True,True,True,141.155,83.10499999999999,0.10176368815414674,12.651368815414674,balanced
3,P97,1.5/98.5 pct of 100d moves,52,07:45,10:45,B,B: 07:00-08:45 PST / 10:00-11:45 ET (15-min),iron_condor,with_flow,25,61,93.4,21291.08,7047.43,4,85164.32,302.11,1060.97,4243.88,258876.7,352.0,-8750.0,14887.0,3026.0,0.351,2.9,True,True,True,True,True,True,140.84300000000002,79.98500000000001,0.15054707886421007,16.809707886421005,balanced
3,P97,1.5/98.5 pct of 100d moves,52,07:45,10:45,B,B: 07:00-08:45 PST / 10:00-11:45 ET (15-min),iron_condor,against_flow,25,61,93.4,21291.08,7047.43,4,85164.32,302.11,1060.97,4243.88,258876.7,352.0,-8750.0,14887.0,3026.0,0.351,2.9,True,True,True,True,True,True,140.84300000000002,79.98500000000001,0.15054707886421007,16.809707886421005,balanced
3,P97,1.5/98.5 pct of 100d moves,52,07:45,10:45,B,B: 07:00-08:45 PST / 10:00-11:45 ET (15-min),iron_condor,neutral,10,66,93.9,20367.55,6804.76,4,81470.2,299.31,1192.01,4768.04,314690.6,324.0,-8750.0,14835.0,3079.4,0.387,2.8,True,True,True,True,True,True,140.613,80.92500000000001,0.17517296715828332,19.45229671582833,balanced
3,P97,1.5/98.5 pct of 100d moves,52,07:45,10:45,B,B: 07:00-08:45 PST / 10:00-11:45 ET (15-min),iron_condor,neutral,5,66,93.9,20357.36,6807.36,4,81429.44,299.05,1186.92,4747.68,313346.9,262.25,-8750.0,14835.0,3081.07,0.385,2.8,True,True,True,True,True,True,140.515,80.89500000000001,0.1743583415597236,19.36083415597236,balanced
3,P98,1.0/99.0 pct of 100d moves,69,07:30,10:30,B,B: 07:00-08:45 PST / 10:00-11:45 ET (15-min),iron_condor,with_flow,50,56,94.6,22544.5,7668.68,3,67633.5,293.98,783.59,2350.77,131643.1,326.75,-4992.0,5502.0,1586.81,0.494,2.8,True,True,True,True,True,True,140.434,83.08999999999999,0.10218055780134261,12.68805578013426,balanced
3,P98,1.0/99.0 pct of 100d moves,69,07:30,10:30,B,B: 07:00-08:45 PST / 10:00-11:45 ET (15-min),iron_condor,against_flow,50,56,94.6,22544.5,7668.68,3,67633.5,293.98,783.59,2350.77,131643.1,326.75,-4992.0,5502.0,1586.81,0.494,2.8,True,True,True,True,True,True,140.434,83.08999999999999,0.10218055780134261,12.68805578013426,balanced
3,P97,1.5/98.5 pct of 100d moves,52,07:45,10:45,B,B: 07:00-08:45 PST / 10:00-11:45 ET (15-min),iron_condor,against_flow,30,58,96.6,22433.62,7724.16,3,67300.86,290.43,1202.53,3607.59,209240.2,367.0,-8750.0,14887.0,3182.58,0.378,2.9,True,True,True,True,True,True,139.209,82.95,0.15568424268787803,17.4584242687878,balanced
3,P97,1.5/98.5 pct of 100d moves,52,07:45,10:45,B,B: 07:00-08:45 PST / 10:00-11:45 ET (15-min),iron_condor,with_flow,30,58,96.6,22433.62,7724.16,3,67300.86,290.43,1202.53,3607.59,209240.2,367.0,-8750.0,14887.0,3182.58,0.378,2.9,True,True,True,True,True,True,139.209,82.95,0.15568424268787803,17.4584242687878,balanced
3,P98,1.0/99.0 pct of 100d moves,69,07:30,10:30,B,B: 07:00-08:45 PST / 10:00-11:45 ET (15-min),iron_condor,neutral,40,61,95.1,20722.98,7204.41,4,82891.92,287.64,765.07,3060.28,186677.1,239.5,-4992.0,5502.0,1551.88,0.493,2.8,True,True,True,True,True,True,138.772,83.475,0.10619467798195828,13.084467798195828,balanced
3,P98,1.0/99.0 pct of 100d moves,69,07:30,10:30,B,B: 07:00-08:45 PST / 10:00-11:45 ET (15-min),iron_condor,neutral,35,62,95.2,20421.39,7127.97,4,81685.56,286.5,769.05,3076.2,190724.4,262.5,-4992.0,5502.0,1539.27,0.5,2.8,True,True,True,True,True,True,138.55,83.66000000000001,0.10789186823176865,13.289186823176864,balanced
3,P97,1.5/98.5 pct of 100d moves,52,07:45,10:45,B,B: 07:00-08:45 PST / 10:00-11:45 ET (15-min),iron_condor,against_flow,35,57,94.7,22827.12,8047.68,3,68481.36,283.65,1107.45,3322.35,189373.9,368.0,-8750.0,15630.0,3379.62,0.328,2.8,True,True,True,True,True,True,135.725,80.68,0.13761108791602053,15.401108791602054,balanced
3,P97,1.5/98.5 pct of 100d moves,52,07:45,10:45,B,B: 07:00-08:45 PST / 10:00-11:45 ET (15-min),iron_condor,with_flow,35,57,94.7,22827.12,8047.68,3,68481.36,283.65,1107.45,3322.35,189373.9,368.0,-8750.0,15630.0,3379.62,0.328,2.8,True,True,True,True,True,True,135.725,80.68,0.13761108791602053,15.401108791602054,balanced
3,P97,1.5/98.5 pct of 100d moves,52,07:45,10:45,B,B: 07:00-08:45 PST / 10:00-11:45 ET (15-min),iron_condor,with_flow,40,58,94.8,22661.79,8017.93,3,67985.37,282.64,1202.47,3607.41,209229.8,386.5,-8750.0,15630.0,3434.14,0.35,2.8,True,True,True,True,True,True,135.69199999999998,81.09,0.14997262385678098,16.7472623856781,balanced
3,P97,1.5/98.5 pct of 100d moves,52,07:45,10:45,B,B: 07:00-08:45 PST / 10:00-11:45 ET (15-min),iron_condor,against_flow,40,58,94.8,22661.79,8017.93,3,67985.37,282.64,1202.47,3607.41,209229.8,386.5,-8750.0,15630.0,3434.14,0.35,2.8,True,True,True,True,True,True,135.69199999999998,81.09,0.14997262385678098,16.7472623856781,balanced
3,P98,1.0/99.0 pct of 100d moves,69,07:30,10:30,B,B: 07:00-08:45 PST / 10:00-11:45 ET (15-min),iron_condor,neutral,45,61,95.1,20745.9,7483.41,4,82983.6,277.23,744.02,2976.08,181540.9,239.5,-4992.0,5502.0,1514.78,0.491,2.8,True,True,True,True,True,True,135.629,83.445,0.09942258943449576,12.397258943449577,balanced
3,P97,1.5/98.5 pct of 100d moves,52,07:45,10:45,B,B: 07:00-08:45 PST / 10:00-11:45 ET (15-min),iron_condor,neutral,20,68,92.6,19529.94,6912.44,4,78119.76,282.53,1008.39,4033.56,274282.1,262.25,-8750.0,14753.0,2963.52,0.34,2.9,True,True,True,True,True,True,134.459,79.17999999999999,0.14588047057189646,16.288047057189647,balanced
3,P97,1.5/98.5 pct of 100d moves,52,07:45,10:45,B,B: 07:00-08:45 PST / 10:00-11:45 ET (15-min),iron_condor,neutral,15,68,92.6,19525.59,6912.44,4,78102.36,282.47,1006.21,4024.84,273689.1,262.25,-8750.0,14753.0,2963.73,0.34,2.9,True,True,True,True,True,True,134.441,79.17999999999999,0.14556509712923368,16.256509712923368,balanced
3,P98,1.0/99.0 pct of 100d moves,69,07:30,10:30,B,B: 07:00-08:45 PST / 10:00-11:45 ET (15-min),iron_condor,neutral,50,62,95.2,20430.89,7519.73,3,61292.67,271.7,741.81,2225.43,137976.7,217.25,-4992.0,5502.0,1528.1,0.485,2.8,True,True,True,True,True,True,133.95999999999998,83.43500000000002,0.0986484887090361,12.289848870903612,balanced
3,P97,1.5/98.5 pct of 100d moves,52,07:45,10:45,B,B: 07:00-08:45 PST / 10:00-11:45 ET (15-min),iron_condor,with_flow,45,60,95.0,21921.78,7961.13,3,65765.34,275.36,1170.14,3510.42,210625.2,355.25,-8750.0,15630.0,3383.17,0.346,2.8,True,True,True,True,True,True,133.56799999999998,81.19,0.14698164707773897,16.4281647077739,balanced
3,P97,1.5/98.5 pct of 100d moves,52,07:45,10:45,B,B: 07:00-08:45 PST / 10:00-11:45 ET (15-min),iron_condor,against_flow,45,60,95.0,21921.78,7961.13,3,65765.34,275.36,1170.14,3510.42,210625.2,355.25,-8750.0,15630.0,3383.17,0.346,2.8,True,True,True,True,True,True,133.56799999999998,81.19,0.14698164707773897,16.4281647077739,balanced
3,P97,1.5/98.5 pct of 100d moves,52,07:45,10:45,B,B: 07:00-08:45 PST / 10:00-11:45 ET (15-min),iron_condor,against_flow,50,60,95.0,21920.97,7969.53,3,65762.91,275.06,1169.7,3509.1,210546.0,355.25,-8750.0,15630.0,3381.79,0.346,2.8,True,True,True,True,True,True,133.478,81.19,0.14677151601160923,16.407151601160923,balanced
3,P97,1.5/98.5 pct of 100d moves,52,07:45,10:45,B,B: 07:00-08:45 PST / 10:00-11:45 ET (15-min),iron_condor,with_flow,50,60,95.0,21920.97,7969.53,3,65762.91,275.06,1169.7,3509.1,210546.0,355.25,-8750.0,15630.0,3381.79,0.346,2.8,True,True,True,True,True,True,133.478,81.19,0.14677151601160923,16.407151601160923,balanced
3,P97,1.5/98.5 pct of 100d moves,52,07:45,10:45,B,B: 07:00-08:45 PST / 10:00-11:45 ET (15-min),iron_condor,neutral,25,68,92.6,19546.41,7169.31,4,78185.64,272.64,996.24,3984.96,270977.3,313.75,-8750.0,14887.0,2991.86,0.333,2.9,True,True,True,True,True,True,131.42199999999997,79.075,0.13895897931600112,15.560897931600113,balanced
3,P97,1.5/98.5 pct of 100d moves,52,07:45,10:45,B,B: 07:00-08:45 PST / 10:00-11:45 ET (15-min),iron_condor,neutral,30,64,95.3,20802.92,7941.94,3,62408.76,261.94,1135.78,3407.34,218069.8,362.25,-8750.0,14887.0,3160.5,0.359,2.8,True,True,True,True,True,True,129.822,81.625,0.14301039796321807,16.096039796321808,balanced
3,P97,1.5/98.5 pct of 100d moves,52,07:45,10:45,B,B: 07:00-08:45 PST / 10:00-11:45 ET (15-min),iron_condor,neutral,40,64,93.8,21009.7,8208.17,3,63029.1,255.96,1135.73,3407.19,218060.2,363.5,-8750.0,15630.0,3390.39,0.335,2.8,True,True,True,True,True,True,127.03799999999998,80.06500000000001,0.13836579895396903,15.511579895396903,balanced
3,P97,1.5/98.5 pct of 100d moves,52,07:45,10:45,B,B: 07:00-08:45 PST / 10:00-11:45 ET (15-min),iron_condor,neutral,35,63,93.7,21133.06,8238.11,3,63399.18,256.53,1048.7,3146.1,198204.3,359.0,-8750.0,15630.0,3338.15,0.314,2.8,True,True,True,True,True,True,126.94899999999998,79.67,0.12729861582328955,14.299861582328955,balanced
3,P97,1.5/98.5 pct of 100d moves,52,07:45,10:45,B,B: 07:00-08:45 PST / 10:00-11:45 ET (15-min),call_spread,with_flow,5,22,95.5,52277.73,8654.09,3,156833.19,604.08,30.91,92.73,2040.1,47.5,-8750.0,3760.0,2170.62,0.014,2.9,True,True,True,True,True,True,229.114,76.61,0.003571721579045284,0.4271721579045284,aggressive
3,P97,1.5/98.5 pct of 100d moves,52,07:45,10:45,B,B: 07:00-08:45 PST / 10:00-11:45 ET (15-min),call_spread,with_flow,10,22,95.5,52277.73,8654.09,3,156833.19,604.08,30.91,92.73,2040.1,47.5,-8750.0,3760.0,2170.62,0.014,2.9,True,True,True,True,True,True,229.114,76.61,0.003571721579045284,0.4271721579045284,aggressive
3,P97,1.5/98.5 pct of 100d moves,52,07:45,10:45,B,B: 07:00-08:45 PST / 10:00-11:45 ET (15-min),call_spread,with_flow,25,22,95.5,52333.82,8711.64,3,157001.46,600.73,58.95,176.85,3890.7,47.5,-8750.0,3760.0,2175.94,0.027,2.9,True,True,True,True,True,True,228.239,76.805,0.006766808545807679,0.8116808545807679,aggressive
3,P97,1.5/98.5 pct of 100d moves,52,07:45,10:45,B,B: 07:00-08:45 PST / 10:00-11:45 ET (15-min),call_spread,with_flow,20,22,95.5,52333.82,8711.64,3,157001.46,600.73,58.95,176.85,3890.7,47.5,-8750.0,3760.0,2175.94,0.027,2.9,True,True,True,True,True,True,228.239,76.805,0.006766808545807679,0.8116808545807679,aggressive
3,P97,1.5/98.5 pct of 100d moves,52,07:45,10:45,B,B: 07:00-08:45 PST / 10:00-11:45 ET (15-min),call_spread,with_flow,15,22,95.5,52333.82,8711.64,3,157001.46,600.73,58.95,176.85,3890.7,47.5,-8750.0,3760.0,2175.94,0.027,2.9,True,True,True,True,True,True,228.239,76.805,0.006766808545807679,0.8116808545807679,aggressive
3,P97,1.5/98.5 pct of 100d moves,52,07:45,10:45,B,B: 07:00-08:45 PST / 10:00-11:45 ET (15-min),call_spread,with_flow,35,24,95.8,48341.08,8429.75,3,145023.24,573.46,238.25,714.75,17154.0,71.25,-8750.0,3760.0,2146.51,0.111,2.9,True,True,True,True,True,True,221.04800000000003,78.305,0.028262997123283607,3.381299712328361,aggressive
3,P97,1.5/98.5 pct of 100d moves,52,07:45,10:45,B,B: 07:00-08:45 PST / 10:00-11:45 ET (15-min),call_spread,with_flow,40,24,95.8,48322.33,8469.33,3,144966.99,570.56,228.88,686.64,16479.4,71.25,-8750.0,3760.0,2144.68,0.107,2.9,True,True,True,True,True,True,220.13799999999998,78.245,0.02702456983019908,3.2374569830199085,aggressive
3,P97,1.5/98.5 pct of 100d moves,52,07:45,10:45,B,B: 07:00-08:45 PST / 10:00-11:45 ET (15-min),call_spread,with_flow,30,25,96.0,46407.64,8212.36,3,139222.92,565.1,228.82,686.46,17161.5,70.0,-8750.0,3760.0,2101.85,0.109,2.9,True,True,True,True,True,True,218.62,78.43500000000002,0.02786287985426844,3.331287985426844,aggressive
3,P97,1.5/98.5 pct of 100d moves,52,07:45,10:45,B,B: 07:00-08:45 PST / 10:00-11:45 ET (15-min),call_spread,with_flow,50,24,95.8,48332.54,8625.79,3,144997.62,560.33,233.98,701.94,16846.6,71.25,-8750.0,3760.0,2148.75,0.109,2.9,True,True,True,True,True,True,217.08900000000003,78.275,0.027125631391443562,3.2575631391443562,aggressive
3,P97,1.5/98.5 pct of 100d moves,52,07:45,10:45,B,B: 07:00-08:45 PST / 10:00-11:45 ET (15-min),call_spread,with_flow,45,24,95.8,48332.54,8625.79,3,144997.62,560.33,233.98,701.94,16846.6,71.25,-8750.0,3760.0,2148.75,0.109,2.9,True,True,True,True,True,True,217.08900000000003,78.275,0.027125631391443562,3.2575631391443562,aggressive
5,P100,0.0/100.0 pct (min/max of 100d moves),86,07:45,10:45,B,B: 07:00-08:45 PST / 10:00-11:45 ET (15-min),call_spread,against_flow,20,20,85.0,30880.4,5594.6,5,154402.0,551.97,36.22,181.1,3622.0,96.75,-2240.0,1266.5,861.18,0.042,3.4,True,True,True,True,True,True,208.511,68.63,0.0064741000250241295,0.857410002502413,aggressive
5,P100,0.0/100.0 pct (min/max of 100d moves),86,07:45,10:45,B,B: 07:00-08:45 PST / 10:00-11:45 ET (15-min),call_spread,against_flow,10,20,85.0,30880.4,5594.6,5,154402.0,551.97,36.22,181.1,3622.0,96.75,-2240.0,1266.5,861.18,0.042,3.4,True,True,True,True,True,True,208.511,68.63,0.0064741000250241295,0.857410002502413,aggressive
5,P100,0.0/100.0 pct (min/max of 100d moves),86,07:45,10:45,B,B: 07:00-08:45 PST / 10:00-11:45 ET (15-min),call_spread,against_flow,5,20,85.0,30880.4,5594.6,5,154402.0,551.97,36.22,181.1,3622.0,96.75,-2240.0,1266.5,861.18,0.042,3.4,True,True,True,True,True,True,208.511,68.63,0.0064741000250241295,0.857410002502413,aggressive
5,P100,0.0/100.0 pct (min/max of 100d moves),86,07:45,10:45,B,B: 07:00-08:45 PST / 10:00-11:45 ET (15-min),call_spread,against_flow,25,20,85.0,30880.4,5594.6,5,154402.0,551.97,36.22,181.1,3622.0,96.75,-2240.0,1266.5,861.18,0.042,3.4,True,True,True,True,True,True,208.511,68.63,0.0064741000250241295,0.857410002502413,aggressive
5,P100,0.0/100.0 pct (min/max of 100d moves),86,07:45,10:45,B,B: 07:00-08:45 PST / 10:00-11:45 ET (15-min),call_spread,against_flow,15,20,85.0,30880.4,5594.6,5,154402.0,551.97,36.22,181.1,3622.0,96.75,-2240.0,1266.5,861.18,0.042,3.4,True,True,True,True,True,True,208.511,68.63,0.0064741000250241295,0.857410002502413,aggressive
5,P95,2.5/97.5 pct of 100d moves,52,07:45,10:45,B,B: 07:00-08:45 PST / 10:00-11:45 ET (15-min),call_spread,neutral,5,34,94.1,33965.59,8078.53,3,101896.77,420.44,44.07,132.21,4495.1,49.5,-8750.0,2950.0,1725.38,0.026,3.8,True,True,True,True,True,True,173.442,75.67,0.005455200389179715,0.6755200389179715,aggressive
5,P95,2.5/97.5 pct of 100d moves,52,07:45,10:45,B,B: 07:00-08:45 PST / 10:00-11:45 ET (15-min),call_spread,neutral,10,34,94.1,33965.59,8078.53,3,101896.77,420.44,44.07,132.21,4495.1,49.5,-8750.0,2950.0,1725.38,0.026,3.8,True,True,True,True,True,True,173.442,75.67,0.005455200389179715,0.6755200389179715,aggressive
3,P98,1.0/99.0 pct of 100d moves,69,07:45,10:45,B,B: 07:00-08:45 PST / 10:00-11:45 ET (15-min),call_spread,with_flow,55,26,96.2,44701.38,11164.0,2,89402.76,400.41,259.35,518.7,13486.2,86.25,-8750.0,3760.0,2106.6,0.123,2.9,True,True,True,True,True,True,169.453,78.805,0.023230920816911502,2.93809208169115,aggressive
3,P98,1.0/99.0 pct of 100d moves,69,07:45,10:45,B,B: 07:00-08:45 PST / 10:00-11:45 ET (15-min),call_spread,with_flow,60,26,96.2,44701.38,11164.0,2,89402.76,400.41,259.35,518.7,13486.2,86.25,-8750.0,3760.0,2106.6,0.123,2.9,True,True,True,True,True,True,169.453,78.805,0.023230920816911502,2.93809208169115,aggressive
3,P98,1.0/99.0 pct of 100d moves,69,07:30,10:30,B,B: 07:00-08:45 PST / 10:00-11:45 ET (15-min),iron_condor,against_flow,10,58,91.4,21575.71,5480.97,5,107878.55,393.65,802.49,4012.45,232722.1,209.0,-997.0,7597.0,1616.82,0.496,2.7,True,True,True,True,True,True,168.755,80.56,0.14641386469913173,17.121386469913173,aggressive
3,P98,1.0/99.0 pct of 100d moves,69,07:30,10:30,B,B: 07:00-08:45 PST / 10:00-11:45 ET (15-min),iron_condor,with_flow,10,58,91.4,21575.71,5480.97,5,107878.55,393.65,802.49,4012.45,232722.1,209.0,-997.0,7597.0,1616.82,0.496,2.7,True,True,True,True,True,True,168.755,80.56,0.14641386469913173,17.121386469913173,aggressive
3,P98,1.0/99.0 pct of 100d moves,69,07:30,10:30,B,B: 07:00-08:45 PST / 10:00-11:45 ET (15-min),iron_condor,with_flow,5,58,91.4,21560.45,5480.97,5,107802.25,393.37,794.86,3974.3,230509.4,209.0,-997.0,7597.0,1615.29,0.492,2.7,True,True,True,True,True,True,168.631,80.5,0.14502177534268568,16.96217753426857,aggressive
3,P98,1.0/99.0 pct of 100d moves,69,07:30,10:30,B,B: 07:00-08:45 PST / 10:00-11:45 ET (15-min),iron_condor,against_flow,5,58,91.4,21560.45,5480.97,5,107802.25,393.37,794.86,3974.3,230509.4,209.0,-997.0,7597.0,1615.29,0.492,2.7,True,True,True,True,True,True,168.631,80.5,0.14502177534268568,16.96217753426857,aggressive
5,P95,2.5/97.5 pct of 100d moves,52,07:45,10:45,B,B: 07:00-08:45 PST / 10:00-11:45 ET (15-min),call_spread,neutral,15,38,94.7,30435.71,7774.82,3,91307.13,391.47,62.16,186.48,7086.2,49.5,-8750.0,2950.0,1633.41,0.038,3.8,True,True,True,True,True,True,165.171,76.33,0.007995040399649123,0.9895040399649122,aggressive
5,P95,2.5/97.5 pct of 100d moves,52,07:45,10:45,B,B: 07:00-08:45 PST / 10:00-11:45 ET (15-min),call_spread,neutral,20,38,94.7,30435.71,7774.82,3,91307.13,391.47,62.16,186.48,7086.2,49.5,-8750.0,2950.0,1633.41,0.038,3.8,True,True,True,True,True,True,165.171,76.33,0.007995040399649123,0.9895040399649122,aggressive
3,P98,1.0/99.0 pct of 100d moves,69,07:45,10:45,B,B: 07:00-08:45 PST / 10:00-11:45 ET (15-min),call_spread,with_flow,65,27,96.3,43048.56,11044.04,2,86097.12,389.79,251.13,502.26,13561.0,72.5,-8750.0,3760.0,2066.13,0.122,2.9,True,True,True,True,True,True,166.307,78.87,0.022738961466999393,2.8838961466999393,aggressive
3,P99,0.5/99.5 pct of 100d moves,86,07:30,10:30,B,B: 07:00-08:45 PST / 10:00-11:45 ET (15-min),iron_condor,with_flow,5,48,91.7,25347.9,6553.4,4,101391.6,386.79,630.54,2522.16,121063.7,98.5,-1416.0,7906.0,1524.86,0.414,2.6,True,True,True,True,True,True,166.02700000000002,79.57,0.09621570482497635,11.691570482497635,aggressive
3,P99,0.5/99.5 pct of 100d moves,86,07:30,10:30,B,B: 07:00-08:45 PST / 10:00-11:45 ET (15-min),iron_condor,against_flow,5,48,91.7,25347.9,6553.4,4,101391.6,386.79,630.54,2522.16,121063.7,98.5,-1416.0,7906.0,1524.86,0.414,2.6,True,True,True,True,True,True,166.02700000000002,79.57,0.09621570482497635,11.691570482497635,aggressive
3,P99,0.5/99.5 pct of 100d moves,86,07:30,10:30,B,B: 07:00-08:45 PST / 10:00-11:45 ET (15-min),iron_condor,with_flow,10,49,91.8,24884.82,6442.16,4,99539.28,386.28,644.79,2579.16,126378.8,111.5,-1416.0,7906.0,1508.55,0.427,2.7,True,True,True,True,True,True,166.05399999999997,79.845,0.10008910055012604,12.143910055012604,aggressive
3,P99,0.5/99.5 pct of 100d moves,86,07:30,10:30,B,B: 07:00-08:45 PST / 10:00-11:45 ET (15-min),iron_condor,against_flow,10,49,91.8,24884.82,6442.16,4,99539.28,386.28,644.79,2579.16,126378.8,111.5,-1416.0,7906.0,1508.55,0.427,2.7,True,True,True,True,True,True,166.05399999999997,79.845,0.10008910055012604,12.143910055012604,aggressive
5,P95,2.5/97.5 pct of 100d moves,52,07:45,10:45,B,B: 07:00-08:45 PST / 10:00-11:45 ET (15-min),call_spread,neutral,25,38,94.7,30432.16,7975.74,3,91296.48,381.56,60.38,181.14,6883.3,37.75,-8750.0,2950.0,1633.45,0.037,3.8,True,True,True,True,True,True,162.18800000000002,76.31500000000001,0.0075704574121022005,0.9420457412102201,aggressive
3,P98,1.0/99.0 pct of 100d moves,69,07:30,10:30,B,B: 07:00-08:45 PST / 10:00-11:45 ET (15-min),iron_condor,against_flow,15,56,89.3,22054.59,5916.36,5,110272.95,372.77,554.33,2771.65,155212.4,216.0,-2987.0,5502.0,1297.76,0.427,2.7,True,True,True,True,True,True,160.75099999999998,77.845,0.09369443373966427,11.504443373966426,aggressive
3,P98,1.0/99.0 pct of 100d moves,69,07:30,10:30,B,B: 07:00-08:45 PST / 10:00-11:45 ET (15-min),iron_condor,with_flow,15,56,89.3,22054.59,5916.36,5,110272.95,372.77,554.33,2771.65,155212.4,216.0,-2987.0,5502.0,1297.76,0.427,2.7,True,True,True,True,True,True,160.75099999999998,77.845,0.09369443373966427,11.504443373966426,aggressive
3,P98,1.0/99.0 pct of 100d moves,69,07:30,10:30,B,B: 07:00-08:45 PST / 10:00-11:45 ET (15-min),iron_condor,with_flow,20,55,89.1,22327.51,6000.25,4,89310.04,372.11,500.37,2001.48,110081.4,192.5,-2987.0,5502.0,1244.71,0.402,2.7,True,True,True,True,True,True,160.20299999999997,77.31,0.08339152535311029,10.349152535311028,aggressive
3,P98,1.0/99.0 pct of 100d moves,69,07:30,10:30,B,B: 07:00-08:45 PST / 10:00-11:45 ET (15-min),iron_condor,against_flow,20,55,89.1,22327.51,6000.25,4,89310.04,372.11,500.37,2001.48,110081.4,192.5,-2987.0,5502.0,1244.71,0.402,2.7,True,True,True,True,True,True,160.20299999999997,77.31,0.08339152535311029,10.349152535311028,aggressive
3,P99,0.5/99.5 pct of 100d moves,86,07:30,10:30,B,B: 07:00-08:45 PST / 10:00-11:45 ET (15-min),iron_condor,against_flow,15,53,90.6,22877.87,6167.74,4,91511.48,370.93,378.36,1513.44,80212.3,99.5,-4348.0,5512.0,1201.7,0.315,2.7,True,True,True,True,True,True,159.72899999999998,77.205,0.0613449983300204,7.70949983300204,aggressive
3,P99,0.5/99.5 pct of 100d moves,86,07:30,10:30,B,B: 07:00-08:45 PST / 10:00-11:45 ET (15-min),iron_condor,with_flow,15,53,90.6,22877.87,6167.74,4,91511.48,370.93,378.36,1513.44,80212.3,99.5,-4348.0,5512.0,1201.7,0.315,2.7,True,True,True,True,True,True,159.72899999999998,77.205,0.0613449983300204,7.70949983300204,aggressive
5,P99,0.5/99.5 pct of 100d moves,86,07:45,10:45,B,B: 07:00-08:45 PST / 10:00-11:45 ET (15-min),iron_condor,against_flow,10,57,91.2,32185.51,8681.05,3,96556.53,370.76,389.18,1167.54,66549.8,72.5,-8740.0,9525.0,2493.49,0.156,3.6,True,True,True,True,True,True,158.388,75.30000000000001,0.04483098242724095,5.263098242724095,aggressive
5,P99,0.5/99.5 pct of 100d moves,86,07:45,10:45,B,B: 07:00-08:45 PST / 10:00-11:45 ET (15-min),iron_condor,with_flow,10,57,91.2,32185.51,8681.05,3,96556.53,370.76,389.18,1167.54,66549.8,72.5,-8740.0,9525.0,2493.49,0.156,3.6,True,True,True,True,True,True,158.388,75.30000000000001,0.04483098242724095,5.263098242724095,aggressive
5,P99,0.5/99.5 pct of 100d moves,86,07:45,10:45,B,B: 07:00-08:45 PST / 10:00-11:45 ET (15-min),iron_condor,against_flow,5,57,91.2,32185.16,8681.05,3,96555.48,370.75,389.0,1167.0,66519.0,72.5,-8740.0,9525.0,2493.31,0.156,3.6,True,True,True,True,True,True,158.385,75.30000000000001,0.04481024760829624,5.261024760829624,aggressive
5,P99,0.5/99.5 pct of 100d moves,86,07:45,10:45,B,B: 07:00-08:45 PST / 10:00-11:45 ET (15-min),iron_condor,with_flow,5,57,91.2,32185.16,8681.05,3,96555.48,370.75,389.0,1167.0,66519.0,72.5,-8740.0,9525.0,2493.31,0.156,3.6,True,True,True,True,True,True,158.385,75.30000000000001,0.04481024760829624,5.261024760829624,aggressive
3,P98,1.0/99.0 pct of 100d moves,69,07:30,10:30,B,B: 07:00-08:45 PST / 10:00-11:45 ET (15-min),iron_condor,neutral,10,63,92.1,19935.24,5426.68,5,99676.2,367.36,774.75,3873.75,244046.2,178.5,-997.0,7597.0,1567.26,0.494,2.7,True,True,True,True,True,True,161.19799999999998,81.08999999999999,0.14276684823870212,16.74668482387021,aggressive
3,P99,0.5/99.5 pct of 100d moves,86,07:30,10:30,B,B: 07:00-08:45 PST / 10:00-11:45 ET (15-min),iron_condor,neutral,5,53,92.5,22977.17,6254.64,4,91908.68,367.36,581.35,2325.4,123246.2,97.5,-1416.0,7906.0,1458.46,0.399,2.7,True,True,True,True,True,True,160.44799999999998,79.985,0.09294699615005819,11.28969961500582,aggressive
3,P99,0.5/99.5 pct of 100d moves,86,07:30,10:30,B,B: 07:00-08:45 PST / 10:00-11:45 ET (15-min),iron_condor,neutral,10,53,92.5,23023.25,6270.08,4,92093.0,367.19,604.39,2417.56,128130.7,99.5,-1416.0,7906.0,1457.01,0.415,2.7,True,True,True,True,True,True,160.55700000000002,80.225,0.09639270950290905,11.714270950290905,aggressive
3,P98,1.0/99.0 pct of 100d moves,69,07:30,10:30,B,B: 07:00-08:45 PST / 10:00-11:45 ET (15-min),iron_condor,neutral,5,63,92.1,19921.19,5426.68,5,99605.95,367.1,767.72,3838.6,241831.8,178.5,-997.0,7597.0,1565.69,0.49,2.7,True,True,True,True,True,True,161.08,81.02999999999999,0.14147139687617474,16.597139687617474,aggressive
5,P99,0.5/99.5 pct of 100d moves,86,07:45,10:45,B,B: 07:00-08:45 PST / 10:00-11:45 ET (15-min),iron_condor,with_flow,20,55,92.7,33359.25,9147.2,3,100077.75,364.69,419.75,1259.25,69258.8,115.0,-8740.0,9525.0,2535.09,0.166,3.6,True,True,True,True,True,True,157.417,76.65,0.04588835927934231,5.418835927934231,aggressive
5,P99,0.5/99.5 pct of 100d moves,86,07:45,10:45,B,B: 07:00-08:45 PST / 10:00-11:45 ET (15-min),iron_condor,against_flow,20,55,92.7,33359.25,9147.2,3,100077.75,364.69,419.75,1259.25,69258.8,115.0,-8740.0,9525.0,2535.09,0.166,3.6,True,True,True,True,True,True,157.417,76.65,0.04588835927934231,5.418835927934231,aggressive
5,P99,0.5/99.5 pct of 100d moves,86,07:45,10:45,B,B: 07:00-08:45 PST / 10:00-11:45 ET (15-min),iron_condor,against_flow,15,56,92.9,32761.43,9009.96,3,98284.29,363.61,409.79,1229.37,68844.7,111.25,-8740.0,9525.0,2512.67,0.163,3.6,True,True,True,True,True,True,157.163,76.76500000000001,0.04548188893180437,5.363188893180437,aggressive
5,P99,0.5/99.5 pct of 100d moves,86,07:45,10:45,B,B: 07:00-08:45 PST / 10:00-11:45 ET (15-min),iron_condor,with_flow,15,56,92.9,32761.43,9009.96,3,98284.29,363.61,409.79,1229.37,68844.7,111.25,-8740.0,9525.0,2512.67,0.163,3.6,True,True,True,True,True,True,157.163,76.76500000000001,0.04548188893180437,5.363188893180437,aggressive
3,P99,0.5/99.5 pct of 100d moves,86,07:30,10:30,B,B: 07:00-08:45 PST / 10:00-11:45 ET (15-min),iron_condor,neutral,15,57,91.2,21287.77,6026.98,4,85151.08,353.21,359.49,1437.96,81963.7,97.5,-4348.0,5512.0,1160.79,0.31,2.7,True,True,True,True,True,True,154.66299999999998,77.61000000000001,0.05964678827538834,7.514678827538834,aggressive
1,P97,1.5/98.5 pct of 100d moves,36,06:30,09:30,A,A: 06:30-06:50 PST / 09:30-09:50 ET (10-min),iron_condor,against_flow,15,34,100.0,2171.91,2148.97,13,28234.83,101.07,1672.28,21739.64,739147.8,180.25,1.0,24607.0,5197.34,0.322,1.0,True,True,True,True,True,True,83.541,84.83,0.7781774524539664,79.42774524539664,capital_efficient
1,P97,1.5/98.5 pct of 100d moves,36,06:30,09:30,A,A: 06:30-06:50 PST / 09:30-09:50 ET (10-min),iron_condor,with_flow,15,34,100.0,2171.91,2148.97,13,28234.83,101.07,1672.28,21739.64,739147.8,180.25,1.0,24607.0,5197.34,0.322,1.0,True,True,True,True,True,True,83.541,84.83,0.7781774524539664,79.42774524539664,capital_efficient
1,P97,1.5/98.5 pct of 100d moves,36,06:30,09:30,A,A: 06:30-06:50 PST / 09:30-09:50 ET (10-min),iron_condor,against_flow,20,33,100.0,2223.39,2235.03,13,28904.07,99.48,1715.79,22305.27,736073.9,165.0,1.0,24607.0,5271.03,0.326,1.0,True,True,True,True,True,True,83.104,84.89,0.7676809707252251,78.3980970725225,capital_efficient
1,P97,1.5/98.5 pct of 100d moves,36,06:30,09:30,A,A: 06:30-06:50 PST / 09:30-09:50 ET (10-min),iron_condor,with_flow,20,33,100.0,2223.39,2235.03,13,28904.07,99.48,1715.79,22305.27,736073.9,165.0,1.0,24607.0,5271.03,0.326,1.0,True,True,True,True,True,True,83.104,84.89,0.7676809707252251,78.3980970725225,capital_efficient
1,P95,2.5/97.5 pct of 100d moves,36,06:30,09:30,A,A: 06:30-06:50 PST / 09:30-09:50 ET (10-min),iron_condor,neutral,5,34,97.1,2195.88,1460.76,20,43917.6,150.32,1084.12,21682.4,737201.6,184.5,-440.0,11106.0,2543.31,0.426,1.1,True,True,True,True,True,True,97.90599999999999,84.07000000000001,0.74216161450204,76.346161450204,capital_efficient
1,P97,1.5/98.5 pct of 100d moves,36,06:30,09:30,A,A: 06:30-06:50 PST / 09:30-09:50 ET (10-min),iron_condor,with_flow,5,35,97.1,1389.97,1390.54,21,29189.37,99.96,953.31,20019.51,700682.8,47.5,-435.0,20018.0,3415.83,0.279,1.0,True,True,True,True,True,True,81.328,81.86500000000001,0.6855681965279675,69.95181965279674,capital_efficient
1,P97,1.5/98.5 pct of 100d moves,36,06:30,09:30,A,A: 06:30-06:50 PST / 09:30-09:50 ET (10-min),iron_condor,against_flow,5,35,97.1,1389.97,1390.54,21,29189.37,99.96,953.31,20019.51,700682.8,47.5,-435.0,20018.0,3415.83,0.279,1.0,True,True,True,True,True,True,81.328,81.86500000000001,0.6855681965279675,69.95181965279674,capital_efficient
1,P100,0.0/100.0 pct (min/max of 100d moves),60,06:30,09:30,A,A: 06:30-06:50 PST / 09:30-09:50 ET (10-min),put_spread,with_flow,5,11,100.0,970.91,710.91,42,40778.22,136.57,485.45,20388.9,224277.9,245.0,1.0,2383.5,696.64,0.697,1.0,True,True,True,True,True,True,97.941,90.455,0.6828571830470805,71.77071830470805,capital_efficient
1,P95,2.5/97.5 pct of 100d moves,36,06:30,09:30,A,A: 06:30-06:50 PST / 09:30-09:50 ET (10-min),iron_condor,neutral,10,38,94.7,2046.61,1451.05,20,40932.2,141.04,973.89,19477.8,740156.4,211.0,-915.0,11106.0,2435.71,0.4,1.1,True,True,True,True,True,True,93.662,81.76,0.6711622618104132,69.11622618104131,capital_efficient
1,P97,1.5/98.5 pct of 100d moves,36,06:30,09:30,A,A: 06:30-06:50 PST / 09:30-09:50 ET (10-min),iron_condor,with_flow,10,36,100.0,1377.33,1430.56,20,27546.6,96.28,952.81,19056.2,686023.2,104.25,0.5,20018.0,3362.75,0.283,1.0,True,True,True,True,True,True,81.714,84.245,0.6660398724974835,68.01898724974836,capital_efficient
1,P97,1.5/98.5 pct of 100d moves,36,06:30,09:30,A,A: 06:30-06:50 PST / 09:30-09:50 ET (10-min),iron_condor,against_flow,10,36,100.0,1377.33,1430.56,20,27546.6,96.28,952.81,19056.2,686023.2,104.25,0.5,20018.0,3362.75,0.283,1.0,True,True,True,True,True,True,81.714,84.245,0.6660398724974835,68.01898724974836,capital_efficient
1,P95,2.5/97.5 pct of 100d moves,36,06:30,09:30,A,A: 06:30-06:50 PST / 09:30-09:50 ET (10-min),iron_condor,with_flow,5,28,96.4,1779.68,1383.93,21,37373.28,128.6,873.05,18334.05,513353.4,211.0,-440.0,8949.0,1995.36,0.438,1.0,True,True,True,True,True,True,91.16,83.69,0.6308483810597356,65.27483810597356,capital_efficient
1,P95,2.5/97.5 pct of 100d moves,36,06:30,09:30,A,A: 06:30-06:50 PST / 09:30-09:50 ET (10-min),iron_condor,against_flow,5,28,96.4,1779.68,1383.93,21,37373.28,128.6,873.05,18334.05,513353.4,211.0,-440.0,8949.0,1995.36,0.438,1.0,True,True,True,True,True,True,91.16,83.69,0.6308483810597356,65.27483810597356,capital_efficient
1,P97,1.5/98.5 pct of 100d moves,36,06:30,09:30,A,A: 06:30-06:50 PST / 09:30-09:50 ET (10-min),iron_condor,neutral,20,41,100.0,1858.0,2271.1,13,24154.0,81.81,1415.22,18397.86,754312.3,165.0,1.0,24607.0,4755.49,0.298,1.0,True,True,True,True,True,True,77.523,84.47,0.6231429703667827,63.80429703667827,capital_efficient
1,P97,1.5/98.5 pct of 100d moves,36,06:30,09:30,A,A: 06:30-06:50 PST / 09:30-09:50 ET (10-min),iron_condor,neutral,15,44,100.0,1742.68,2168.11,13,22654.84,80.38,1324.41,17217.33,757562.5,133.25,1.0,24607.0,4599.77,0.288,1.0,True,True,True,True,True,True,76.994,84.32,0.6108592276222148,62.52592276222148,capital_efficient
1,P95,2.5/97.5 pct of 100d moves,36,06:30,09:30,A,A: 06:30-06:50 PST / 09:30-09:50 ET (10-min),iron_condor,against_flow,10,32,93.8,1654.44,1382.0,21,34743.24,119.71,768.55,16139.55,516465.6,221.5,-915.0,8949.0,1901.38,0.404,1.0,True,True,True,True,True,True,86.853,81.10000000000001,0.5561143270622286,57.63143270622287,capital_efficient
1,P95,2.5/97.5 pct of 100d moves,36,06:30,09:30,A,A: 06:30-06:50 PST / 09:30-09:50 ET (10-min),iron_condor,with_flow,10,32,93.8,1654.44,1382.0,21,34743.24,119.71,768.55,16139.55,516465.6,221.5,-915.0,8949.0,1901.38,0.404,1.0,True,True,True,True,True,True,86.853,81.10000000000001,0.5561143270622286,57.63143270622287,capital_efficient
1,P97,1.5/98.5 pct of 100d moves,36,06:30,09:30,A,A: 06:30-06:50 PST / 09:30-09:50 ET (10-min),iron_condor,neutral,5,43,97.7,1197.37,1476.72,20,23947.4,81.08,808.95,16179.0,695697.0,50.0,-435.0,20018.0,3089.37,0.262,1.0,True,True,True,True,True,True,75.794,82.09000000000002,0.5478018852592231,56.090188525922315,capital_efficient
1,P99,0.5/99.5 pct of 100d moves,60,06:30,09:30,A,A: 06:30-06:50 PST / 09:30-09:50 ET (10-min),put_spread,with_flow,10,12,100.0,1053.0,988.67,30,31590.0,106.51,526.5,15795.0,189540.0,364.5,1.0,2383.5,651.29,0.808,1.0,True,True,True,True,True,True,90.033,92.12,0.5325336057531835,57.29336057531835,capital_efficient
1,P99,0.5/99.5 pct of 100d moves,60,06:30,09:30,A,A: 06:30-06:50 PST / 09:30-09:50 ET (10-min),put_spread,with_flow,5,12,100.0,1053.0,988.67,30,31590.0,106.51,526.5,15795.0,189540.0,364.5,1.0,2383.5,651.29,0.808,1.0,True,True,True,True,True,True,90.033,92.12,0.5325336057531835,57.29336057531835,capital_efficient
1,P97,1.5/98.5 pct of 100d moves,36,06:30,09:30,A,A: 06:30-06:50 PST / 09:30-09:50 ET (10-min),iron_condor,neutral,10,45,100.0,1166.76,1527.73,19,22168.44,76.37,794.69,15099.11,679460.0,96.5,0.5,20018.0,3017.1,0.263,1.0,True,True,True,True,True,True,75.541,83.945,0.5201769946260137,53.33269946260137,capital_efficient
1,P98,1.0/99.0 pct of 100d moves,48,06:30,09:30,A,A: 06:30-06:50 PST / 09:30-09:50 ET (10-min),put_spread,with_flow,10,13,100.0,881.38,849.38,35,30848.3,103.77,440.69,15424.15,200513.9,245.0,1.0,2383.5,650.6,0.677,1.0,True,True,True,True,True,True,87.901,90.155,0.5188372695377805,55.26872695377805,capital_efficient
1,P98,1.0/99.0 pct of 100d moves,48,06:30,09:30,A,A: 06:30-06:50 PST / 09:30-09:50 ET (10-min),put_spread,with_flow,5,13,100.0,881.38,849.38,35,30848.3,103.77,440.69,15424.15,200513.9,245.0,1.0,2383.5,650.6,0.677,1.0,True,True,True,True,True,True,87.901,90.155,0.5188372695377805,55.26872695377805,capital_efficient
1,P95,2.5/97.5 pct of 100d moves,36,12:00,15:00,C,C: 09:00-12:30 PST / 12:00-15:30 ET (30-min),iron_condor,against_flow,5,48,97.9,2319.67,2466.42,12,27836.04,94.05,1241.52,14898.24,715115.5,250.0,-968.0,10310.0,2191.9,0.566,1.0,True,True,True,True,True,True,82.825,86.81,0.5033692558445033,53.16692558445033,capital_efficient
1,P95,2.5/97.5 pct of 100d moves,36,12:00,15:00,C,C: 09:00-12:30 PST / 12:00-15:30 ET (30-min),iron_condor,with_flow,5,48,97.9,2319.67,2466.42,12,27836.04,94.05,1241.52,14898.24,715115.5,250.0,-968.0,10310.0,2191.9,0.566,1.0,True,True,True,True,True,True,82.825,86.81,0.5033692558445033,53.16692558445033,capital_efficient
1,P100,0.0/100.0 pct (min/max of 100d moves),60,06:30,09:30,A,A: 06:30-06:50 PST / 09:30-09:50 ET (10-min),put_spread,with_flow,10,13,100.0,823.62,830.23,36,29650.32,99.2,411.81,14825.16,192727.1,226.0,1.0,2383.5,660.86,0.623,1.0,True,True,True,True,True,True,85.99,89.345,0.49601917540922397,52.716917540922395,capital_efficient
1,P95,2.5/97.5 pct of 100d moves,36,07:15,10:15,B,B: 07:00-08:45 PST / 10:00-11:45 ET (15-min),iron_condor,with_flow,10,38,97.4,2285.55,2502.34,11,25141.05,91.34,1172.28,12895.08,490013.0,71.0,-935.0,7605.0,2210.81,0.53,1.0,True,True,True,True,True,True,81.402,85.87000000000002,0.4684735087957671,49.49735087957671,capital_efficient
1,P95,2.5/97.5 pct of 100d moves,36,07:15,10:15,B,B: 07:00-08:45 PST / 10:00-11:45 ET (15-min),iron_condor,against_flow,10,38,97.4,2285.55,2502.34,11,25141.05,91.34,1172.28,12895.08,490013.0,71.0,-935.0,7605.0,2210.81,0.53,1.0,True,True,True,True,True,True,81.402,85.87000000000002,0.4684735087957671,49.49735087957671,capital_efficient
1,P95,2.5/97.5 pct of 100d moves,36,06:30,09:30,A,A: 06:30-06:50 PST / 09:30-09:50 ET (10-min),iron_condor,with_flow,15,36,100.0,1894.14,2032.19,14,26517.96,93.21,949.08,13287.12,478336.3,277.5,1.0,8946.0,1827.38,0.519,1.0,True,True,True,True,True,True,83.15299999999999,87.785,0.467023260620316,49.2973260620316,capital_efficient
1,P95,2.5/97.5 pct of 100d moves,36,06:30,09:30,A,A: 06:30-06:50 PST / 09:30-09:50 ET (10-min),iron_condor,against_flow,15,36,100.0,1894.14,2032.19,14,26517.96,93.21,949.08,13287.12,478336.3,277.5,1.0,8946.0,1827.38,0.519,1.0,True,True,True,True,True,True,83.15299999999999,87.785,0.467023260620316,49.2973260620316,capital_efficient
1,P95,2.5/97.5 pct of 100d moves,36,12:00,15:00,C,C: 09:00-12:30 PST / 12:00-15:30 ET (30-min),iron_condor,against_flow,10,49,98.0,2348.92,2666.55,11,25838.12,88.09,1235.51,13590.61,665939.9,255.0,-968.0,9451.0,2137.48,0.578,1.0,True,True,True,True,True,True,81.207,87.07000000000001,0.46333652097279254,49.223652097279256,capital_efficient
1,P95,2.5/97.5 pct of 100d moves,36,12:00,15:00,C,C: 09:00-12:30 PST / 12:00-15:30 ET (30-min),iron_condor,with_flow,10,49,98.0,2348.92,2666.55,11,25838.12,88.09,1235.51,13590.61,665939.9,255.0,-968.0,9451.0,2137.48,0.578,1.0,True,True,True,True,True,True,81.207,87.07000000000001,0.46333652097279254,49.223652097279256,capital_efficient
1,P95,2.5/97.5 pct of 100d moves,36,06:30,09:30,A,A: 06:30-06:50 PST / 09:30-09:50 ET (10-min),iron_condor,with_flow,20,35,100.0,1916.8,2099.0,14,26835.2,91.32,960.47,13446.58,470630.3,270.0,1.0,8946.0,1852.82,0.518,1.0,True,True,True,True,True,True,82.576,87.77,0.45758456407813247,48.348456407813245,capital_efficient
1,P95,2.5/97.5 pct of 100d moves,36,06:30,09:30,A,A: 06:30-06:50 PST / 09:30-09:50 ET (10-min),iron_condor,against_flow,20,35,100.0,1916.8,2099.0,14,26835.2,91.32,960.47,13446.58,470630.3,270.0,1.0,8946.0,1852.82,0.518,1.0,True,True,True,True,True,True,82.576,87.77,0.45758456407813247,48.348456407813245,capital_efficient
1,P95,2.5/97.5 pct of 100d moves,36,07:15,10:15,B,B: 07:00-08:45 PST / 10:00-11:45 ET (15-min),iron_condor,with_flow,5,35,97.1,2250.74,2536.2,11,24758.14,88.74,1157.36,12730.96,445583.6,70.0,-935.0,7605.0,2245.92,0.515,1.0,True,True,True,True,True,True,80.322,85.405,0.4563362510842993,48.208625108429935,capital_efficient
1,P95,2.5/97.5 pct of 100d moves,36,07:15,10:15,B,B: 07:00-08:45 PST / 10:00-11:45 ET (15-min),iron_condor,against_flow,5,35,97.1,2250.74,2536.2,11,24758.14,88.74,1157.36,12730.96,445583.6,70.0,-935.0,7605.0,2245.92,0.515,1.0,True,True,True,True,True,True,80.322,85.405,0.4563362510842993,48.208625108429935,capital_efficient
1,P95,2.5/97.5 pct of 100d moves,36,07:15,10:15,B,B: 07:00-08:45 PST / 10:00-11:45 ET (15-min),iron_condor,with_flow,15,39,94.9,2673.74,2837.21,10,26737.4,94.24,1238.15,12381.5,482878.5,70.0,-2313.0,12065.0,2758.19,0.449,1.0,True,True,True,True,True,True,80.212,82.655,0.43639702383679746,45.884702383679745,capital_efficient
1,P95,2.5/97.5 pct of 100d moves,36,07:15,10:15,B,B: 07:00-08:45 PST / 10:00-11:45 ET (15-min),iron_condor,against_flow,15,39,94.9,2673.74,2837.21,10,26737.4,94.24,1238.15,12381.5,482878.5,70.0,-2313.0,12065.0,2758.19,0.449,1.0,True,True,True,True,True,True,80.212,82.655,0.43639702383679746,45.884702383679745,capital_efficient
1,P95,2.5/97.5 pct of 100d moves,36,10:00,13:00,C,C: 09:00-12:30 PST / 12:00-15:30 ET (30-min),iron_condor,neutral,10,50,100.0,2433.54,3210.02,9,21901.86,75.81,1388.86,12499.74,624987.0,90.5,2.0,19610.0,3625.03,0.383,1.0,True,True,True,True,True,True,76.57300000000001,85.745,0.432663970940991,45.181397094099104,capital_efficient
1,P95,2.5/97.5 pct of 100d moves,36,10:00,13:00,C,C: 09:00-12:30 PST / 12:00-15:30 ET (30-min),iron_condor,neutral,5,48,100.0,2466.17,3290.02,9,22195.53,74.96,1382.33,12440.97,597166.6,90.5,2.0,16729.0,3401.81,0.406,1.0,True,True,True,True,True,True,76.548,86.09,0.4201585400696652,44.04585400696652,capital_efficient
1,P95,2.5/97.5 pct of 100d moves,36,10:00,13:00,C,C: 09:00-12:30 PST / 12:00-15:30 ET (30-min),iron_condor,with_flow,10,45,100.0,2300.98,3259.38,9,20708.82,70.6,1341.7,12075.3,543388.5,61.5,2.0,19610.0,3679.86,0.365,1.0,True,True,True,True,True,True,74.83,85.475,0.4116427050543355,42.98927050543355,capital_efficient
1,P95,2.5/97.5 pct of 100d moves,36,10:00,13:00,C,C: 09:00-12:30 PST / 12:00-15:30 ET (30-min),iron_condor,against_flow,10,45,100.0,2300.98,3259.38,9,20708.82,70.6,1341.7,12075.3,543388.5,61.5,2.0,19610.0,3679.86,0.365,1.0,True,True,True,True,True,True,74.83,85.475,0.4116427050543355,42.98927050543355,capital_efficient
1,P95,2.5/97.5 pct of 100d moves,36,06:30,09:30,A,A: 06:30-06:50 PST / 09:30-09:50 ET (10-min),iron_condor,neutral,15,43,100.0,1724.88,2123.86,14,24148.32,81.21,864.13,12097.82,520206.3,250.0,0.5,8946.0,1699.19,0.509,1.0,True,True,True,True,True,True,79.453,87.635,0.4068676843106419,43.23176843106419,capital_efficient
1,P95,2.5/97.5 pct of 100d moves,36,07:15,10:15,B,B: 07:00-08:45 PST / 10:00-11:45 ET (15-min),iron_condor,neutral,10,43,97.7,2081.58,2641.44,11,22897.38,78.8,1066.86,11735.46,504624.8,116.5,-935.0,7605.0,2097.01,0.509,1.0,True,True,True,True,True,True,77.58,85.79500000000002,0.40389333091041246,42.934333091041246,capital_efficient
1,P95,2.5/97.5 pct of 100d moves,36,06:30,09:30,A,A: 06:30-06:50 PST / 09:30-09:50 ET (10-min),iron_condor,neutral,20,42,100.0,1746.52,2181.71,13,22704.76,80.05,874.99,11374.87,477744.5,236.75,0.5,8946.0,1720.9,0.508,1.0,True,True,True,True,True,True,79.095,87.62,0.4010569690747166,42.64569690747166,capital_efficient
1,P95,2.5/97.5 pct of 100d moves,36,10:00,13:00,C,C: 09:00-12:30 PST / 12:00-15:30 ET (30-min),iron_condor,with_flow,5,43,100.0,2331.23,3350.98,8,18649.84,69.57,1332.22,10657.76,458283.7,61.5,2.0,16729.0,3435.75,0.388,1.0,True,True,True,True,True,True,74.751,85.82,0.39756131042262266,41.696131042262266,capital_efficient
1,P95,2.5/97.5 pct of 100d moves,36,10:00,13:00,C,C: 09:00-12:30 PST / 12:00-15:30 ET (30-min),iron_condor,against_flow,5,43,100.0,2331.23,3350.98,8,18649.84,69.57,1332.22,10657.76,458283.7,61.5,2.0,16729.0,3435.75,0.388,1.0,True,True,True,True,True,True,74.751,85.82,0.39756131042262266,41.696131042262266,capital_efficient
1,P95,2.5/97.5 pct of 100d moves,36,12:00,15:00,C,C: 09:00-12:30 PST / 12:00-15:30 ET (30-min),iron_condor,neutral,5,54,96.3,2105.63,2761.78,10,21056.3,76.24,1088.52,10885.2,587800.8,237.75,-1877.0,10310.0,2126.53,0.512,1.0,True,True,True,True,True,True,76.142,84.72,0.3941371144696536,41.97371144696536,capital_efficient
1,P95,2.5/97.5 pct of 100d moves,36,07:15,10:15,B,B: 07:00-08:45 PST / 10:00-11:45 ET (15-min),iron_condor,neutral,5,40,97.5,2035.82,2681.5,11,22394.02,75.92,1045.9,11504.9,460196.0,94.25,-935.0,7605.0,2119.49,0.493,1.0,True,True,True,True,True,True,76.456,85.395,0.3900428864441544,41.46928864441544,capital_efficient
3,P98,1.0/99.0 pct of 100d moves,69,07:15,10:15,B,B: 07:00-08:45 PST / 10:00-11:45 ET (15-min),call_spread,against_flow,10,14,100.0,2800.43,5449.57,5,14002.15,51.39,2083.79,10418.95,145865.3,47.0,1.0,26895.0,7144.43,0.292,2.8,True,True,True,True,True,True,68.337,84.38,0.3823769581820217,39.69769581820217,capital_efficient
